FREQ,Frequenza,REF_AREA,Territorio,DATA_TYPE_AGGR,Aggregato,VALUATION,Valutazione,ADJUSTMENT,Correzione,EDITION,Edizione,TIME_PERIOD,Osservazione,OBS_STATUS,'Stato dell"'osservazione',NOTE_REF_AREA,Territorio (NOTE_REF_AREA),NOTE_DATA_TYPE_AGGR,Aggregato (NOTE_DATA_TYPE_AGGR),NOTE_VALUATION,Valutazione (NOTE_VALUATION),NOTE_ADJUSTMENT,Correzione (NOTE_ADJUSTMENT),NOTE_EDITION,Edizione (NOTE_EDITION),BASE_PER,Anno base,UNIT_MEAS,Unità di misura,UNIT_MULT,Unità di moltiplicazione
A,Annuale,ITC1,Piemonte,B1GQ_B_W2_S1,Prodotto interno lordo ai prezzi di mercato,V,Prezzi correnti,N,Dati grezzi,2025M12,Dic-2025,2015,124970.1,,,,,,,VAL__V_N3,'Prezzi correnti:l"'aggregato di interesse è espresso in valore e riflette il livello dei prezzi del periodo corrente.',,,,,,,EURO,Euro,6,Milioni
A,Annuale,ITC1,Piemonte,B1GQ_B_W2_S1,Prodotto interno lordo ai prezzi di mercato,V,Prezzi correnti,N,Dati grezzi,2025M12,Dic-2025,2016,128292.3,,,,,,,VAL__V_N3,'Prezzi correnti:l"'aggregato di interesse è espresso in valore e riflette il livello dei prezzi del periodo corrente.',,,,,,,EURO,Euro,6,Milioni
A,Annuale,ITC1,Piemonte,B1GQ_B_W2_S1,Prodotto interno lordo ai prezzi di mercato,V,Prezzi correnti,N,Dati grezzi,2025M12,Dic-2025,2017,132625.4,,,,,,,VAL__V_N3,'Prezzi correnti:l"'aggregato di interesse è espresso in valore e riflette il livello dei prezzi del periodo corrente.',,,,,,,EURO,Euro,6,Milioni
A,Annuale,ITC1,Piemonte,B1GQ_B_W2_S1,Prodotto interno lordo ai prezzi di mercato,V,Prezzi correnti,N,Dati grezzi,2025M12,Dic-2025,2018,135216.6,,,,,,,VAL__V_N3,'Prezzi correnti:l"'aggregato di interesse è espresso in valore e riflette il livello dei prezzi del periodo corrente.',,,,,,,EURO,Euro,6,Milioni
A,Annuale,ITC1,Piemonte,B1GQ_B_W2_S1,Prodotto interno lordo ai prezzi di mercato,V,Prezzi correnti,N,Dati grezzi,2025M12,Dic-2025,2019,135773.8,,,,,,,VAL__V_N3,'Prezzi correnti:l"'aggregato di interesse è espresso in valore e riflette il livello dei prezzi del periodo corrente.',,,,,,,EURO,Euro,6,Milioni
A,Annuale,ITC1,Piemonte,B1GQ_B_W2_S1,Prodotto interno lordo ai prezzi di mercato,V,Prezzi correnti,N,Dati grezzi,2025M12,Dic-2025,2020,124757,,,,,,,VAL__V_N3,'Prezzi correnti:l"'aggregato di interesse è espresso in valore e riflette il livello dei prezzi del periodo corrente.',,,,,,,EURO,Euro,6,Milioni
A,Annuale,ITC1,Piemonte,B1GQ_B_W2_S1,Prodotto interno lordo ai prezzi di mercato,V,Prezzi correnti,N,Dati grezzi,2025M12,Dic-2025,2021,137614.9,,,,,,,VAL__V_N3,'Prezzi correnti:l"'aggregato di interesse è espresso in valore e riflette il livello dei prezzi del periodo corrente.',,,,,,,EURO,Euro,6,Milioni
A,Annuale,ITC1,Piemonte,B1GQ_B_W2_S1,Prodotto interno lordo ai prezzi di mercato,V,Prezzi correnti,N,Dati grezzi,2025M12,Dic-2025,2022,146819.8,,,,,,,VAL__V_N3,'Prezzi correnti:l"'aggregato di interesse è espresso in valore e riflette il livello dei prezzi del periodo corrente.',,,,,,,EURO,Euro,6,Milioni
A,Annuale,ITC1,Piemonte,B1GQ_B_W2_S1,Prodotto interno lordo ai prezzi di mercato,V,Prezzi correnti,N,Dati grezzi,2025M12,Dic-2025,2023,159173.1,,,,,,,VAL__V_N3,'Prezzi correnti:l"'aggregato di interesse è espresso in valore e riflette il livello dei prezzi del periodo corrente.',,,,,,,EURO,Euro,6,Milioni
A,Annuale,ITC1,Piemonte,B1GQ_B_W2_S1,Prodotto interno lordo ai prezzi di mercato,V,Prezzi correnti,N,Dati grezzi,2025M12,Dic-2025,2024,164224.2,,,,,,,VAL__V_N3,'Prezzi correnti:l"'aggregato di interesse è espresso in valore e riflette il livello dei prezzi del periodo corrente.',,,,,,,EURO,Euro,6,Milioni
A,Annuale,ITC2,'Valle d"'Aosta / Vallée d"'Aoste',B1GQ_B_W2_S1,Prodotto interno lordo ai prezzi di mercato,V,Prezzi correnti,N,Dati grezzi,2025M12,Dic-2025,2015,4649.3,,,,,,,VAL__V_N3,'Prezzi correnti:l"'aggregato di interesse è espresso in valore e riflette il livello dei prezzi del periodo corrente.',,,,,,,EURO,Euro,6,Milioni
A,Annuale,ITC2,'Valle d"'Aosta / Vallée d"'Aoste',B1GQ_B_W2_S1,Prodotto interno lordo ai prezzi di mercato,V,Prezzi correnti,N,Dati grezzi,2025M12,Dic-2025,2016,4598.6,,,,,,,VAL__V_N3,'Prezzi correnti:l"'aggregato di interesse è espresso in valore e riflette il livello dei prezzi del periodo corrente.',,,,,,,EURO,Euro,6,Milioni
A,Annuale,ITC2,'Valle d"'Aosta / Vallée d"'Aoste',B1GQ_B_W2_S1,Prodotto interno lordo ai prezzi di mercato,V,Prezzi correnti,N,Dati grezzi,2025M12,Dic-2025,2017,4768.5,,,,,,,VAL__V_N3,'Prezzi correnti:l"'aggregato di interesse è espresso in valore e riflette il livello dei prezzi del periodo corrente.',,,,,,,EURO,Euro,6,Milioni
A,Annuale,ITC2,'Valle d"'Aosta / Vallée d"'Aoste',B1GQ_B_W2_S1,Prodotto interno lordo ai prezzi di mercato,V,Prezzi correnti,N,Dati grezzi,2025M12,Dic-2025,2018,4806.9,,,,,,,VAL__V_N3,'Prezzi correnti:l"'aggregato di interesse è espresso in valore e riflette il livello dei prezzi del periodo corrente.',,,,,,,EURO,Euro,6,Milioni
A,Annuale,ITC2,'Valle d"'Aosta / Vallée d"'Aoste',B1GQ_B_W2_S1,Prodotto interno lordo ai prezzi di mercato,V,Prezzi correnti,N,Dati grezzi,2025M12,Dic-2025,2019,4847.7,,,,,,,VAL__V_N3,'Prezzi correnti:l"'aggregato di interesse è espresso in valore e riflette il livello dei prezzi del periodo corrente.',,,,,,,EURO,Euro,6,Milioni
A,Annuale,ITC2,'Valle d"'Aosta / Vallée d"'Aoste',B1GQ_B_W2_S1,Prodotto interno lordo ai prezzi di mercato,V,Prezzi correnti,N,Dati grezzi,2025M12,Dic-2025,2020,4437.1,,,,,,,VAL__V_N3,'Prezzi correnti:l"'aggregato di interesse è espresso in valore e riflette il livello dei prezzi del periodo corrente.',,,,,,,EURO,Euro,6,Milioni
A,Annuale,ITC2,'Valle d"'Aosta / Vallée d"'Aoste',B1GQ_B_W2_S1,Prodotto interno lordo ai prezzi di mercato,V,Prezzi correnti,N,Dati grezzi,2025M12,Dic-2025,2021,4783,,,,,,,VAL__V_N3,'Prezzi correnti:l"'aggregato di interesse è espresso in valore e riflette il livello dei prezzi del periodo corrente.',,,,,,,EURO,Euro,6,Milioni
A,Annuale,ITC2,'Valle d"'Aosta / Vallée d"'Aoste',B1GQ_B_W2_S1,Prodotto interno lordo ai prezzi di mercato,V,Prezzi correnti,N,Dati grezzi,2025M12,Dic-2025,2022,5396,,,,,,,VAL__V_N3,'Prezzi correnti:l"'aggregato di interesse è espresso in valore e riflette il livello dei prezzi del periodo corrente.',,,,,,,EURO,Euro,6,Milioni
A,Annuale,ITC2,'Valle d"'Aosta / Vallée d"'Aoste',B1GQ_B_W2_S1,Prodotto interno lordo ai prezzi di mercato,V,Prezzi correnti,N,Dati grezzi,2025M12,Dic-2025,2023,5796.2,,,,,,,VAL__V_N3,'Prezzi correnti:l"'aggregato di interesse è espresso in valore e riflette il livello dei prezzi del periodo corrente.',,,,,,,EURO,Euro,6,Milioni
A,Annuale,ITC2,'Valle d"'Aosta / Vallée d"'Aoste',B1GQ_B_W2_S1,Prodotto interno lordo ai prezzi di mercato,V,Prezzi correnti,N,Dati grezzi,2025M12,Dic-2025,2024,5858,,,,,,,VAL__V_N3,'Prezzi correnti:l"'aggregato di interesse è espresso in valore e riflette il livello dei prezzi del periodo corrente.',,,,,,,EURO,Euro,6,Milioni
A,Annuale,ITC3,Liguria,B1GQ_B_W2_S1,Prodotto interno lordo ai prezzi di mercato,V,Prezzi correnti,N,Dati grezzi,2025M12,Dic-2025,2015,46792,,,,,,,VAL__V_N3,'Prezzi correnti:l"'aggregato di interesse è espresso in valore e riflette il livello dei prezzi del periodo corrente.',,,,,,,EURO,Euro,6,Milioni
A,Annuale,ITC3,Liguria,B1GQ_B_W2_S1,Prodotto interno lordo ai prezzi di mercato,V,Prezzi correnti,N,Dati grezzi,2025M12,Dic-2025,2016,47673,,,,,,,VAL__V_N3,'Prezzi correnti:l"'aggregato di interesse è espresso in valore e riflette il livello dei prezzi del periodo corrente.',,,,,,,EURO,Euro,6,Milioni
A,Annuale,ITC3,Liguria,B1GQ_B_W2_S1,Prodotto interno lordo ai prezzi di mercato,V,Prezzi correnti,N,Dati grezzi,2025M12,Dic-2025,2017,48676,,,,,,,VAL__V_N3,'Prezzi correnti:l"'aggregato di interesse è espresso in valore e riflette il livello dei prezzi del periodo corrente.',,,,,,,EURO,Euro,6,Milioni
A,Annuale,ITC3,Liguria,B1GQ_B_W2_S1,Prodotto interno lordo ai prezzi di mercato,V,Prezzi correnti,N,Dati grezzi,2025M12,Dic-2025,2018,48776.2,,,,,,,VAL__V_N3,'Prezzi correnti:l"'aggregato di interesse è espresso in valore e riflette il livello dei prezzi del periodo corrente.',,,,,,,EURO,Euro,6,Milioni
A,Annuale,ITC3,Liguria,B1GQ_B_W2_S1,Prodotto interno lordo ai prezzi di mercato,V,Prezzi correnti,N,Dati grezzi,2025M12,Dic-2025,2019,49542.1,,,,,,,VAL__V_N3,'Prezzi correnti:l"'aggregato di interesse è espresso in valore e riflette il livello dei prezzi del periodo corrente.',,,,,,,EURO,Euro,6,Milioni
A,Annuale,ITC3,Liguria,B1GQ_B_W2_S1,Prodotto interno lordo ai prezzi di mercato,V,Prezzi correnti,N,Dati grezzi,2025M12,Dic-2025,2020,44959.6,,,,,,,VAL__V_N3,'Prezzi correnti:l"'aggregato di interesse è espresso in valore e riflette il livello dei prezzi del periodo corrente.',,,,,,,EURO,Euro,6,Milioni
A,Annuale,ITC3,Liguria,B1GQ_B_W2_S1,Prodotto interno lordo ai prezzi di mercato,V,Prezzi correnti,N,Dati grezzi,2025M12,Dic-2025,2021,49383.5,,,,,,,VAL__V_N3,'Prezzi correnti:l"'aggregato di interesse è espresso in valore e riflette il livello dei prezzi del periodo corrente.',,,,,,,EURO,Euro,6,Milioni
A,Annuale,ITC3,Liguria,B1GQ_B_W2_S1,Prodotto interno lordo ai prezzi di mercato,V,Prezzi correnti,N,Dati grezzi,2025M12,Dic-2025,2022,53042.2,,,,,,,VAL__V_N3,'Prezzi correnti:l"'aggregato di interesse è espresso in valore e riflette il livello dei prezzi del periodo corrente.',,,,,,,EURO,Euro,6,Milioni
A,Annuale,ITC3,Liguria,B1GQ_B_W2_S1,Prodotto interno lordo ai prezzi di mercato,V,Prezzi correnti,N,Dati grezzi,2025M12,Dic-2025,2023,58081.2,,,,,,,VAL__V_N3,'Prezzi correnti:l"'aggregato di interesse è espresso in valore e riflette il livello dei prezzi del periodo corrente.',,,,,,,EURO,Euro,6,Milioni
A,Annuale,ITC3,Liguria,B1GQ_B_W2_S1,Prodotto interno lordo ai prezzi di mercato,V,Prezzi correnti,N,Dati grezzi,2025M12,Dic-2025,2024,58635.6,,,,,,,VAL__V_N3,'Prezzi correnti:l"'aggregato di interesse è espresso in valore e riflette il livello dei prezzi del periodo corrente.',,,,,,,EURO,Euro,6,Milioni
A,Annuale,ITC4,Lombardia,B1GQ_B_W2_S1,Prodotto interno lordo ai prezzi di mercato,V,Prezzi correnti,N,Dati grezzi,2025M12,Dic-2025,2015,369754.7,,,,,,,VAL__V_N3,'Prezzi correnti:l"'aggregato di interesse è espresso in valore e riflette il livello dei prezzi del periodo corrente.',,,,,,,EURO,Euro,6,Milioni
A,Annuale,ITC4,Lombardia,B1GQ_B_W2_S1,Prodotto interno lordo ai prezzi di mercato,V,Prezzi correnti,N,Dati grezzi,2025M12,Dic-2025,2016,380390.4,,,,,,,VAL__V_N3,'Prezzi correnti:l"'aggregato di interesse è espresso in valore e riflette il livello dei prezzi del periodo corrente.',,,,,,,EURO,Euro,6,Milioni
A,Annuale,ITC4,Lombardia,B1GQ_B_W2_S1,Prodotto interno lordo ai prezzi di mercato,V,Prezzi correnti,N,Dati grezzi,2025M12,Dic-2025,2017,390313.4,,,,,,,VAL__V_N3,'Prezzi correnti:l"'aggregato di interesse è espresso in valore e riflette il livello dei prezzi del periodo corrente.',,,,,,,EURO,Euro,6,Milioni
A,Annuale,ITC4,Lombardia,B1GQ_B_W2_S1,Prodotto interno lordo ai prezzi di mercato,V,Prezzi correnti,N,Dati grezzi,2025M12,Dic-2025,2018,400745.5,,,,,,,VAL__V_N3,'Prezzi correnti:l"'aggregato di interesse è espresso in valore e riflette il livello dei prezzi del periodo corrente.',,,,,,,EURO,Euro,6,Milioni
A,Annuale,ITC4,Lombardia,B1GQ_B_W2_S1,Prodotto interno lordo ai prezzi di mercato,V,Prezzi correnti,N,Dati grezzi,2025M12,Dic-2025,2019,405032.5,,,,,,,VAL__V_N3,'Prezzi correnti:l"'aggregato di interesse è espresso in valore e riflette il livello dei prezzi del periodo corrente.',,,,,,,EURO,Euro,6,Milioni
A,Annuale,ITC4,Lombardia,B1GQ_B_W2_S1,Prodotto interno lordo ai prezzi di mercato,V,Prezzi correnti,N,Dati grezzi,2025M12,Dic-2025,2020,380035.5,,,,,,,VAL__V_N3,'Prezzi correnti:l"'aggregato di interesse è espresso in valore e riflette il livello dei prezzi del periodo corrente.',,,,,,,EURO,Euro,6,Milioni
A,Annuale,ITC4,Lombardia,B1GQ_B_W2_S1,Prodotto interno lordo ai prezzi di mercato,V,Prezzi correnti,N,Dati grezzi,2025M12,Dic-2025,2021,424242.3,,,,,,,VAL__V_N3,'Prezzi correnti:l"'aggregato di interesse è espresso in valore e riflette il livello dei prezzi del periodo corrente.',,,,,,,EURO,Euro,6,Milioni
A,Annuale,ITC4,Lombardia,B1GQ_B_W2_S1,Prodotto interno lordo ai prezzi di mercato,V,Prezzi correnti,N,Dati grezzi,2025M12,Dic-2025,2022,457792.3,,,,,,,VAL__V_N3,'Prezzi correnti:l"'aggregato di interesse è espresso in valore e riflette il livello dei prezzi del periodo corrente.',,,,,,,EURO,Euro,6,Milioni
A,Annuale,ITC4,Lombardia,B1GQ_B_W2_S1,Prodotto interno lordo ai prezzi di mercato,V,Prezzi correnti,N,Dati grezzi,2025M12,Dic-2025,2023,491161.8,,,,,,,VAL__V_N3,'Prezzi correnti:l"'aggregato di interesse è espresso in valore e riflette il livello dei prezzi del periodo corrente.',,,,,,,EURO,Euro,6,Milioni
A,Annuale,ITC4,Lombardia,B1GQ_B_W2_S1,Prodotto interno lordo ai prezzi di mercato,V,Prezzi correnti,N,Dati grezzi,2025M12,Dic-2025,2024,505152.8,,,,,,,VAL__V_N3,'Prezzi correnti:l"'aggregato di interesse è espresso in valore e riflette il livello dei prezzi del periodo corrente.',,,,,,,EURO,Euro,6,Milioni
A,Annuale,ITDA,Trentino Alto Adige / Südtirol,B1GQ_B_W2_S1,Prodotto interno lordo ai prezzi di mercato,V,Prezzi correnti,N,Dati grezzi,2025M12,Dic-2025,2015,41927.4,,,,,,,VAL__V_N3,'Prezzi correnti:l"'aggregato di interesse è espresso in valore e riflette il livello dei prezzi del periodo corrente.',,,,,,,EURO,Euro,6,Milioni
A,Annuale,ITDA,Trentino Alto Adige / Südtirol,B1GQ_B_W2_S1,Prodotto interno lordo ai prezzi di mercato,V,Prezzi correnti,N,Dati grezzi,2025M12,Dic-2025,2016,42796.5,,,,,,,VAL__V_N3,'Prezzi correnti:l"'aggregato di interesse è espresso in valore e riflette il livello dei prezzi del periodo corrente.',,,,,,,EURO,Euro,6,Milioni
A,Annuale,ITDA,Trentino Alto Adige / Südtirol,B1GQ_B_W2_S1,Prodotto interno lordo ai prezzi di mercato,V,Prezzi correnti,N,Dati grezzi,2025M12,Dic-2025,2017,44052.7,,,,,,,VAL__V_N3,'Prezzi correnti:l"'aggregato di interesse è espresso in valore e riflette il livello dei prezzi del periodo corrente.',,,,,,,EURO,Euro,6,Milioni
A,Annuale,ITDA,Trentino Alto Adige / Südtirol,B1GQ_B_W2_S1,Prodotto interno lordo ai prezzi di mercato,V,Prezzi correnti,N,Dati grezzi,2025M12,Dic-2025,2018,45850.2,,,,,,,VAL__V_N3,'Prezzi correnti:l"'aggregato di interesse è espresso in valore e riflette il livello dei prezzi del periodo corrente.',,,,,,,EURO,Euro,6,Milioni
A,Annuale,ITDA,Trentino Alto Adige / Südtirol,B1GQ_B_W2_S1,Prodotto interno lordo ai prezzi di mercato,V,Prezzi correnti,N,Dati grezzi,2025M12,Dic-2025,2019,47198,,,,,,,VAL__V_N3,'Prezzi correnti:l"'aggregato di interesse è espresso in valore e riflette il livello dei prezzi del periodo corrente.',,,,,,,EURO,Euro,6,Milioni
A,Annuale,ITDA,Trentino Alto Adige / Südtirol,B1GQ_B_W2_S1,Prodotto interno lordo ai prezzi di mercato,V,Prezzi correnti,N,Dati grezzi,2025M12,Dic-2025,2020,44161.2,,,,,,,VAL__V_N3,'Prezzi correnti:l"'aggregato di interesse è espresso in valore e riflette il livello dei prezzi del periodo corrente.',,,,,,,EURO,Euro,6,Milioni
A,Annuale,ITDA,Trentino Alto Adige / Südtirol,B1GQ_B_W2_S1,Prodotto interno lordo ai prezzi di mercato,V,Prezzi correnti,N,Dati grezzi,2025M12,Dic-2025,2021,48038.5,,,,,,,VAL__V_N3,'Prezzi correnti:l"'aggregato di interesse è espresso in valore e riflette il livello dei prezzi del periodo corrente.',,,,,,,EURO,Euro,6,Milioni
A,Annuale,ITDA,Trentino Alto Adige / Südtirol,B1GQ_B_W2_S1,Prodotto interno lordo ai prezzi di mercato,V,Prezzi correnti,N,Dati grezzi,2025M12,Dic-2025,2022,53581.7,,,,,,,VAL__V_N3,'Prezzi correnti:l"'aggregato di interesse è espresso in valore e riflette il livello dei prezzi del periodo corrente.',,,,,,,EURO,Euro,6,Milioni
A,Annuale,ITDA,Trentino Alto Adige / Südtirol,B1GQ_B_W2_S1,Prodotto interno lordo ai prezzi di mercato,V,Prezzi correnti,N,Dati grezzi,2025M12,Dic-2025,2023,58444.5,,,,,,,VAL__V_N3,'Prezzi correnti:l"'aggregato di interesse è espresso in valore e riflette il livello dei prezzi del periodo corrente.',,,,,,,EURO,Euro,6,Milioni
A,Annuale,ITDA,Trentino Alto Adige / Südtirol,B1GQ_B_W2_S1,Prodotto interno lordo ai prezzi di mercato,V,Prezzi correnti,N,Dati grezzi,2025M12,Dic-2025,2024,59253.5,,,,,,,VAL__V_N3,'Prezzi correnti:l"'aggregato di interesse è espresso in valore e riflette il livello dei prezzi del periodo corrente.',,,,,,,EURO,Euro,6,Milioni
A,Annuale,ITD3,Veneto,B1GQ_B_W2_S1,Prodotto interno lordo ai prezzi di mercato,V,Prezzi correnti,N,Dati grezzi,2025M12,Dic-2025,2015,151987.8,,,,,,,VAL__V_N3,'Prezzi correnti:l"'aggregato di interesse è espresso in valore e riflette il livello dei prezzi del periodo corrente.',,,,,,,EURO,Euro,6,Milioni
A,Annuale,ITD3,Veneto,B1GQ_B_W2_S1,Prodotto interno lordo ai prezzi di mercato,V,Prezzi correnti,N,Dati grezzi,2025M12,Dic-2025,2016,157062.5,,,,,,,VAL__V_N3,'Prezzi correnti:l"'aggregato di interesse è espresso in valore e riflette il livello dei prezzi del periodo corrente.',,,,,,,EURO,Euro,6,Milioni
A,Annuale,ITD3,Veneto,B1GQ_B_W2_S1,Prodotto interno lordo ai prezzi di mercato,V,Prezzi correnti,N,Dati grezzi,2025M12,Dic-2025,2017,161182.8,,,,,,,VAL__V_N3,'Prezzi correnti:l"'aggregato di interesse è espresso in valore e riflette il livello dei prezzi del periodo corrente.',,,,,,,EURO,Euro,6,Milioni
A,Annuale,ITD3,Veneto,B1GQ_B_W2_S1,Prodotto interno lordo ai prezzi di mercato,V,Prezzi correnti,N,Dati grezzi,2025M12,Dic-2025,2018,164509,,,,,,,VAL__V_N3,'Prezzi correnti:l"'aggregato di interesse è espresso in valore e riflette il livello dei prezzi del periodo corrente.',,,,,,,EURO,Euro,6,Milioni
A,Annuale,ITD3,Veneto,B1GQ_B_W2_S1,Prodotto interno lordo ai prezzi di mercato,V,Prezzi correnti,N,Dati grezzi,2025M12,Dic-2025,2019,167492.6,,,,,,,VAL__V_N3,'Prezzi correnti:l"'aggregato di interesse è espresso in valore e riflette il livello dei prezzi del periodo corrente.',,,,,,,EURO,Euro,6,Milioni
A,Annuale,ITD3,Veneto,B1GQ_B_W2_S1,Prodotto interno lordo ai prezzi di mercato,V,Prezzi correnti,N,Dati grezzi,2025M12,Dic-2025,2020,153519.2,,,,,,,VAL__V_N3,'Prezzi correnti:l"'aggregato di interesse è espresso in valore e riflette il livello dei prezzi del periodo corrente.',,,,,,,EURO,Euro,6,Milioni
A,Annuale,ITD3,Veneto,B1GQ_B_W2_S1,Prodotto interno lordo ai prezzi di mercato,V,Prezzi correnti,N,Dati grezzi,2025M12,Dic-2025,2021,170031.5,,,,,,,VAL__V_N3,'Prezzi correnti:l"'aggregato di interesse è espresso in valore e riflette il livello dei prezzi del periodo corrente.',,,,,,,EURO,Euro,6,Milioni
A,Annuale,ITD3,Veneto,B1GQ_B_W2_S1,Prodotto interno lordo ai prezzi di mercato,V,Prezzi correnti,N,Dati grezzi,2025M12,Dic-2025,2022,184035.1,,,,,,,VAL__V_N3,'Prezzi correnti:l"'aggregato di interesse è espresso in valore e riflette il livello dei prezzi del periodo corrente.',,,,,,,EURO,Euro,6,Milioni
A,Annuale,ITD3,Veneto,B1GQ_B_W2_S1,Prodotto interno lordo ai prezzi di mercato,V,Prezzi correnti,N,Dati grezzi,2025M12,Dic-2025,2023,197293.3,,,,,,,VAL__V_N3,'Prezzi correnti:l"'aggregato di interesse è espresso in valore e riflette il livello dei prezzi del periodo corrente.',,,,,,,EURO,Euro,6,Milioni
A,Annuale,ITD3,Veneto,B1GQ_B_W2_S1,Prodotto interno lordo ai prezzi di mercato,V,Prezzi correnti,N,Dati grezzi,2025M12,Dic-2025,2024,201373.3,,,,,,,VAL__V_N3,'Prezzi correnti:l"'aggregato di interesse è espresso in valore e riflette il livello dei prezzi del periodo corrente.',,,,,,,EURO,Euro,6,Milioni
A,Annuale,ITD4,Friuli-Venezia Giulia,B1GQ_B_W2_S1,Prodotto interno lordo ai prezzi di mercato,V,Prezzi correnti,N,Dati grezzi,2025M12,Dic-2025,2015,35844.9,,,,,,,VAL__V_N3,'Prezzi correnti:l"'aggregato di interesse è espresso in valore e riflette il livello dei prezzi del periodo corrente.',,,,,,,EURO,Euro,6,Milioni
A,Annuale,ITD4,Friuli-Venezia Giulia,B1GQ_B_W2_S1,Prodotto interno lordo ai prezzi di mercato,V,Prezzi correnti,N,Dati grezzi,2025M12,Dic-2025,2016,36301.7,,,,,,,VAL__V_N3,'Prezzi correnti:l"'aggregato di interesse è espresso in valore e riflette il livello dei prezzi del periodo corrente.',,,,,,,EURO,Euro,6,Milioni
A,Annuale,ITD4,Friuli-Venezia Giulia,B1GQ_B_W2_S1,Prodotto interno lordo ai prezzi di mercato,V,Prezzi correnti,N,Dati grezzi,2025M12,Dic-2025,2017,37053.7,,,,,,,VAL__V_N3,'Prezzi correnti:l"'aggregato di interesse è espresso in valore e riflette il livello dei prezzi del periodo corrente.',,,,,,,EURO,Euro,6,Milioni
A,Annuale,ITD4,Friuli-Venezia Giulia,B1GQ_B_W2_S1,Prodotto interno lordo ai prezzi di mercato,V,Prezzi correnti,N,Dati grezzi,2025M12,Dic-2025,2018,38062.9,,,,,,,VAL__V_N3,'Prezzi correnti:l"'aggregato di interesse è espresso in valore e riflette il livello dei prezzi del periodo corrente.',,,,,,,EURO,Euro,6,Milioni
A,Annuale,ITD4,Friuli-Venezia Giulia,B1GQ_B_W2_S1,Prodotto interno lordo ai prezzi di mercato,V,Prezzi correnti,N,Dati grezzi,2025M12,Dic-2025,2019,38985.3,,,,,,,VAL__V_N3,'Prezzi correnti:l"'aggregato di interesse è espresso in valore e riflette il livello dei prezzi del periodo corrente.',,,,,,,EURO,Euro,6,Milioni
A,Annuale,ITD4,Friuli-Venezia Giulia,B1GQ_B_W2_S1,Prodotto interno lordo ai prezzi di mercato,V,Prezzi correnti,N,Dati grezzi,2025M12,Dic-2025,2020,36404.7,,,,,,,VAL__V_N3,'Prezzi correnti:l"'aggregato di interesse è espresso in valore e riflette il livello dei prezzi del periodo corrente.',,,,,,,EURO,Euro,6,Milioni
A,Annuale,ITD4,Friuli-Venezia Giulia,B1GQ_B_W2_S1,Prodotto interno lordo ai prezzi di mercato,V,Prezzi correnti,N,Dati grezzi,2025M12,Dic-2025,2021,40456.8,,,,,,,VAL__V_N3,'Prezzi correnti:l"'aggregato di interesse è espresso in valore e riflette il livello dei prezzi del periodo corrente.',,,,,,,EURO,Euro,6,Milioni
A,Annuale,ITD4,Friuli-Venezia Giulia,B1GQ_B_W2_S1,Prodotto interno lordo ai prezzi di mercato,V,Prezzi correnti,N,Dati grezzi,2025M12,Dic-2025,2022,42682.2,,,,,,,VAL__V_N3,'Prezzi correnti:l"'aggregato di interesse è espresso in valore e riflette il livello dei prezzi del periodo corrente.',,,,,,,EURO,Euro,6,Milioni
A,Annuale,ITD4,Friuli-Venezia Giulia,B1GQ_B_W2_S1,Prodotto interno lordo ai prezzi di mercato,V,Prezzi correnti,N,Dati grezzi,2025M12,Dic-2025,2023,45064,,,,,,,VAL__V_N3,'Prezzi correnti:l"'aggregato di interesse è espresso in valore e riflette il livello dei prezzi del periodo corrente.',,,,,,,EURO,Euro,6,Milioni
A,Annuale,ITD4,Friuli-Venezia Giulia,B1GQ_B_W2_S1,Prodotto interno lordo ai prezzi di mercato,V,Prezzi correnti,N,Dati grezzi,2025M12,Dic-2025,2024,46572.1,,,,,,,VAL__V_N3,'Prezzi correnti:l"'aggregato di interesse è espresso in valore e riflette il livello dei prezzi del periodo corrente.',,,,,,,EURO,Euro,6,Milioni
A,Annuale,ITD5,Emilia-Romagna,B1GQ_B_W2_S1,Prodotto interno lordo ai prezzi di mercato,V,Prezzi correnti,N,Dati grezzi,2025M12,Dic-2025,2015,149022.8,,,,,,,VAL__V_N3,'Prezzi correnti:l"'aggregato di interesse è espresso in valore e riflette il livello dei prezzi del periodo corrente.',,,,,,,EURO,Euro,6,Milioni
A,Annuale,ITD5,Emilia-Romagna,B1GQ_B_W2_S1,Prodotto interno lordo ai prezzi di mercato,V,Prezzi correnti,N,Dati grezzi,2025M12,Dic-2025,2016,153783.3,,,,,,,VAL__V_N3,'Prezzi correnti:l"'aggregato di interesse è espresso in valore e riflette il livello dei prezzi del periodo corrente.',,,,,,,EURO,Euro,6,Milioni
A,Annuale,ITD5,Emilia-Romagna,B1GQ_B_W2_S1,Prodotto interno lordo ai prezzi di mercato,V,Prezzi correnti,N,Dati grezzi,2025M12,Dic-2025,2017,158008.1,,,,,,,VAL__V_N3,'Prezzi correnti:l"'aggregato di interesse è espresso in valore e riflette il livello dei prezzi del periodo corrente.',,,,,,,EURO,Euro,6,Milioni
A,Annuale,ITD5,Emilia-Romagna,B1GQ_B_W2_S1,Prodotto interno lordo ai prezzi di mercato,V,Prezzi correnti,N,Dati grezzi,2025M12,Dic-2025,2018,161559.2,,,,,,,VAL__V_N3,'Prezzi correnti:l"'aggregato di interesse è espresso in valore e riflette il livello dei prezzi del periodo corrente.',,,,,,,EURO,Euro,6,Milioni
A,Annuale,ITD5,Emilia-Romagna,B1GQ_B_W2_S1,Prodotto interno lordo ai prezzi di mercato,V,Prezzi correnti,N,Dati grezzi,2025M12,Dic-2025,2019,162949.2,,,,,,,VAL__V_N3,'Prezzi correnti:l"'aggregato di interesse è espresso in valore e riflette il livello dei prezzi del periodo corrente.',,,,,,,EURO,Euro,6,Milioni
A,Annuale,ITD5,Emilia-Romagna,B1GQ_B_W2_S1,Prodotto interno lordo ai prezzi di mercato,V,Prezzi correnti,N,Dati grezzi,2025M12,Dic-2025,2020,152164.3,,,,,,,VAL__V_N3,'Prezzi correnti:l"'aggregato di interesse è espresso in valore e riflette il livello dei prezzi del periodo corrente.',,,,,,,EURO,Euro,6,Milioni
A,Annuale,ITD5,Emilia-Romagna,B1GQ_B_W2_S1,Prodotto interno lordo ai prezzi di mercato,V,Prezzi correnti,N,Dati grezzi,2025M12,Dic-2025,2021,169036.8,,,,,,,VAL__V_N3,'Prezzi correnti:l"'aggregato di interesse è espresso in valore e riflette il livello dei prezzi del periodo corrente.',,,,,,,EURO,Euro,6,Milioni
A,Annuale,ITD5,Emilia-Romagna,B1GQ_B_W2_S1,Prodotto interno lordo ai prezzi di mercato,V,Prezzi correnti,N,Dati grezzi,2025M12,Dic-2025,2022,180561.1,,,,,,,VAL__V_N3,'Prezzi correnti:l"'aggregato di interesse è espresso in valore e riflette il livello dei prezzi del periodo corrente.',,,,,,,EURO,Euro,6,Milioni
A,Annuale,ITD5,Emilia-Romagna,B1GQ_B_W2_S1,Prodotto interno lordo ai prezzi di mercato,V,Prezzi correnti,N,Dati grezzi,2025M12,Dic-2025,2023,194492.2,,,,,,,VAL__V_N3,'Prezzi correnti:l"'aggregato di interesse è espresso in valore e riflette il livello dei prezzi del periodo corrente.',,,,,,,EURO,Euro,6,Milioni
A,Annuale,ITD5,Emilia-Romagna,B1GQ_B_W2_S1,Prodotto interno lordo ai prezzi di mercato,V,Prezzi correnti,N,Dati grezzi,2025M12,Dic-2025,2024,198590.6,,,,,,,VAL__V_N3,'Prezzi correnti:l"'aggregato di interesse è espresso in valore e riflette il livello dei prezzi del periodo corrente.',,,,,,,EURO,Euro,6,Milioni
A,Annuale,ITE1,Toscana,B1GQ_B_W2_S1,Prodotto interno lordo ai prezzi di mercato,V,Prezzi correnti,N,Dati grezzi,2025M12,Dic-2025,2015,110108.1,,,,,,,VAL__V_N3,'Prezzi correnti:l"'aggregato di interesse è espresso in valore e riflette il livello dei prezzi del periodo corrente.',,,,,,,EURO,Euro,6,Milioni
A,Annuale,ITE1,Toscana,B1GQ_B_W2_S1,Prodotto interno lordo ai prezzi di mercato,V,Prezzi correnti,N,Dati grezzi,2025M12,Dic-2025,2016,112595.8,,,,,,,VAL__V_N3,'Prezzi correnti:l"'aggregato di interesse è espresso in valore e riflette il livello dei prezzi del periodo corrente.',,,,,,,EURO,Euro,6,Milioni
A,Annuale,ITE1,Toscana,B1GQ_B_W2_S1,Prodotto interno lordo ai prezzi di mercato,V,Prezzi correnti,N,Dati grezzi,2025M12,Dic-2025,2017,115004.9,,,,,,,VAL__V_N3,'Prezzi correnti:l"'aggregato di interesse è espresso in valore e riflette il livello dei prezzi del periodo corrente.',,,,,,,EURO,Euro,6,Milioni
A,Annuale,ITE1,Toscana,B1GQ_B_W2_S1,Prodotto interno lordo ai prezzi di mercato,V,Prezzi correnti,N,Dati grezzi,2025M12,Dic-2025,2018,117668.6,,,,,,,VAL__V_N3,'Prezzi correnti:l"'aggregato di interesse è espresso in valore e riflette il livello dei prezzi del periodo corrente.',,,,,,,EURO,Euro,6,Milioni
A,Annuale,ITE1,Toscana,B1GQ_B_W2_S1,Prodotto interno lordo ai prezzi di mercato,V,Prezzi correnti,N,Dati grezzi,2025M12,Dic-2025,2019,122266.1,,,,,,,VAL__V_N3,'Prezzi correnti:l"'aggregato di interesse è espresso in valore e riflette il livello dei prezzi del periodo corrente.',,,,,,,EURO,Euro,6,Milioni
A,Annuale,ITE1,Toscana,B1GQ_B_W2_S1,Prodotto interno lordo ai prezzi di mercato,V,Prezzi correnti,N,Dati grezzi,2025M12,Dic-2025,2020,108108.7,,,,,,,VAL__V_N3,'Prezzi correnti:l"'aggregato di interesse è espresso in valore e riflette il livello dei prezzi del periodo corrente.',,,,,,,EURO,Euro,6,Milioni
A,Annuale,ITE1,Toscana,B1GQ_B_W2_S1,Prodotto interno lordo ai prezzi di mercato,V,Prezzi correnti,N,Dati grezzi,2025M12,Dic-2025,2021,119580.2,,,,,,,VAL__V_N3,'Prezzi correnti:l"'aggregato di interesse è espresso in valore e riflette il livello dei prezzi del periodo corrente.',,,,,,,EURO,Euro,6,Milioni
A,Annuale,ITE1,Toscana,B1GQ_B_W2_S1,Prodotto interno lordo ai prezzi di mercato,V,Prezzi correnti,N,Dati grezzi,2025M12,Dic-2025,2022,130563.1,,,,,,,VAL__V_N3,'Prezzi correnti:l"'aggregato di interesse è espresso in valore e riflette il livello dei prezzi del periodo corrente.',,,,,,,EURO,Euro,6,Milioni
A,Annuale,ITE1,Toscana,B1GQ_B_W2_S1,Prodotto interno lordo ai prezzi di mercato,V,Prezzi correnti,N,Dati grezzi,2025M12,Dic-2025,2023,139658.9,,,,,,,VAL__V_N3,'Prezzi correnti:l"'aggregato di interesse è espresso in valore e riflette il livello dei prezzi del periodo corrente.',,,,,,,EURO,Euro,6,Milioni
A,Annuale,ITE1,Toscana,B1GQ_B_W2_S1,Prodotto interno lordo ai prezzi di mercato,V,Prezzi correnti,N,Dati grezzi,2025M12,Dic-2025,2024,143663.6,,,,,,,VAL__V_N3,'Prezzi correnti:l"'aggregato di interesse è espresso in valore e riflette il livello dei prezzi del periodo corrente.',,,,,,,EURO,Euro,6,Milioni
A,Annuale,ITE2,Umbria,B1GQ_B_W2_S1,Prodotto interno lordo ai prezzi di mercato,V,Prezzi correnti,N,Dati grezzi,2025M12,Dic-2025,2015,21425.9,,,,,,,VAL__V_N3,'Prezzi correnti:l"'aggregato di interesse è espresso in valore e riflette il livello dei prezzi del periodo corrente.',,,,,,,EURO,Euro,6,Milioni
A,Annuale,ITE2,Umbria,B1GQ_B_W2_S1,Prodotto interno lordo ai prezzi di mercato,V,Prezzi correnti,N,Dati grezzi,2025M12,Dic-2025,2016,21531,,,,,,,VAL__V_N3,'Prezzi correnti:l"'aggregato di interesse è espresso in valore e riflette il livello dei prezzi del periodo corrente.',,,,,,,EURO,Euro,6,Milioni
A,Annuale,ITE2,Umbria,B1GQ_B_W2_S1,Prodotto interno lordo ai prezzi di mercato,V,Prezzi correnti,N,Dati grezzi,2025M12,Dic-2025,2017,22035.3,,,,,,,VAL__V_N3,'Prezzi correnti:l"'aggregato di interesse è espresso in valore e riflette il livello dei prezzi del periodo corrente.',,,,,,,EURO,Euro,6,Milioni
A,Annuale,ITE2,Umbria,B1GQ_B_W2_S1,Prodotto interno lordo ai prezzi di mercato,V,Prezzi correnti,N,Dati grezzi,2025M12,Dic-2025,2018,22672.4,,,,,,,VAL__V_N3,'Prezzi correnti:l"'aggregato di interesse è espresso in valore e riflette il livello dei prezzi del periodo corrente.',,,,,,,EURO,Euro,6,Milioni
A,Annuale,ITE2,Umbria,B1GQ_B_W2_S1,Prodotto interno lordo ai prezzi di mercato,V,Prezzi correnti,N,Dati grezzi,2025M12,Dic-2025,2019,22826.9,,,,,,,VAL__V_N3,'Prezzi correnti:l"'aggregato di interesse è espresso in valore e riflette il livello dei prezzi del periodo corrente.',,,,,,,EURO,Euro,6,Milioni
A,Annuale,ITE2,Umbria,B1GQ_B_W2_S1,Prodotto interno lordo ai prezzi di mercato,V,Prezzi correnti,N,Dati grezzi,2025M12,Dic-2025,2020,20979.4,,,,,,,VAL__V_N3,'Prezzi correnti:l"'aggregato di interesse è espresso in valore e riflette il livello dei prezzi del periodo corrente.',,,,,,,EURO,Euro,6,Milioni
A,Annuale,ITE2,Umbria,B1GQ_B_W2_S1,Prodotto interno lordo ai prezzi di mercato,V,Prezzi correnti,N,Dati grezzi,2025M12,Dic-2025,2021,23012,,,,,,,VAL__V_N3,'Prezzi correnti:l"'aggregato di interesse è espresso in valore e riflette il livello dei prezzi del periodo corrente.',,,,,,,EURO,Euro,6,Milioni
A,Annuale,ITE2,Umbria,B1GQ_B_W2_S1,Prodotto interno lordo ai prezzi di mercato,V,Prezzi correnti,N,Dati grezzi,2025M12,Dic-2025,2022,24725,,,,,,,VAL__V_N3,'Prezzi correnti:l"'aggregato di interesse è espresso in valore e riflette il livello dei prezzi del periodo corrente.',,,,,,,EURO,Euro,6,Milioni
A,Annuale,ITE2,Umbria,B1GQ_B_W2_S1,Prodotto interno lordo ai prezzi di mercato,V,Prezzi correnti,N,Dati grezzi,2025M12,Dic-2025,2023,26874.3,,,,,,,VAL__V_N3,'Prezzi correnti:l"'aggregato di interesse è espresso in valore e riflette il livello dei prezzi del periodo corrente.',,,,,,,EURO,Euro,6,Milioni
A,Annuale,ITE2,Umbria,B1GQ_B_W2_S1,Prodotto interno lordo ai prezzi di mercato,V,Prezzi correnti,N,Dati grezzi,2025M12,Dic-2025,2024,27671.5,,,,,,,VAL__V_N3,'Prezzi correnti:l"'aggregato di interesse è espresso in valore e riflette il livello dei prezzi del periodo corrente.',,,,,,,EURO,Euro,6,Milioni
A,Annuale,ITE3,Marche,B1GQ_B_W2_S1,Prodotto interno lordo ai prezzi di mercato,V,Prezzi correnti,N,Dati grezzi,2025M12,Dic-2025,2015,39555.7,,,,,,,VAL__V_N3,'Prezzi correnti:l"'aggregato di interesse è espresso in valore e riflette il livello dei prezzi del periodo corrente.',,,,,,,EURO,Euro,6,Milioni
A,Annuale,ITE3,Marche,B1GQ_B_W2_S1,Prodotto interno lordo ai prezzi di mercato,V,Prezzi correnti,N,Dati grezzi,2025M12,Dic-2025,2016,40309.2,,,,,,,VAL__V_N3,'Prezzi correnti:l"'aggregato di interesse è espresso in valore e riflette il livello dei prezzi del periodo corrente.',,,,,,,EURO,Euro,6,Milioni
A,Annuale,ITE3,Marche,B1GQ_B_W2_S1,Prodotto interno lordo ai prezzi di mercato,V,Prezzi correnti,N,Dati grezzi,2025M12,Dic-2025,2017,41187,,,,,,,VAL__V_N3,'Prezzi correnti:l"'aggregato di interesse è espresso in valore e riflette il livello dei prezzi del periodo corrente.',,,,,,,EURO,Euro,6,Milioni
A,Annuale,ITE3,Marche,B1GQ_B_W2_S1,Prodotto interno lordo ai prezzi di mercato,V,Prezzi correnti,N,Dati grezzi,2025M12,Dic-2025,2018,41838.8,,,,,,,VAL__V_N3,'Prezzi correnti:l"'aggregato di interesse è espresso in valore e riflette il livello dei prezzi del periodo corrente.',,,,,,,EURO,Euro,6,Milioni
A,Annuale,ITE3,Marche,B1GQ_B_W2_S1,Prodotto interno lordo ai prezzi di mercato,V,Prezzi correnti,N,Dati grezzi,2025M12,Dic-2025,2019,42572.5,,,,,,,VAL__V_N3,'Prezzi correnti:l"'aggregato di interesse è espresso in valore e riflette il livello dei prezzi del periodo corrente.',,,,,,,EURO,Euro,6,Milioni
A,Annuale,ITE3,Marche,B1GQ_B_W2_S1,Prodotto interno lordo ai prezzi di mercato,V,Prezzi correnti,N,Dati grezzi,2025M12,Dic-2025,2020,39248.7,,,,,,,VAL__V_N3,'Prezzi correnti:l"'aggregato di interesse è espresso in valore e riflette il livello dei prezzi del periodo corrente.',,,,,,,EURO,Euro,6,Milioni
A,Annuale,ITE3,Marche,B1GQ_B_W2_S1,Prodotto interno lordo ai prezzi di mercato,V,Prezzi correnti,N,Dati grezzi,2025M12,Dic-2025,2021,43192.9,,,,,,,VAL__V_N3,'Prezzi correnti:l"'aggregato di interesse è espresso in valore e riflette il livello dei prezzi del periodo corrente.',,,,,,,EURO,Euro,6,Milioni
A,Annuale,ITE3,Marche,B1GQ_B_W2_S1,Prodotto interno lordo ai prezzi di mercato,V,Prezzi correnti,N,Dati grezzi,2025M12,Dic-2025,2022,46394.6,,,,,,,VAL__V_N3,'Prezzi correnti:l"'aggregato di interesse è espresso in valore e riflette il livello dei prezzi del periodo corrente.',,,,,,,EURO,Euro,6,Milioni
A,Annuale,ITE3,Marche,B1GQ_B_W2_S1,Prodotto interno lordo ai prezzi di mercato,V,Prezzi correnti,N,Dati grezzi,2025M12,Dic-2025,2023,49447.3,,,,,,,VAL__V_N3,'Prezzi correnti:l"'aggregato di interesse è espresso in valore e riflette il livello dei prezzi del periodo corrente.',,,,,,,EURO,Euro,6,Milioni
A,Annuale,ITE3,Marche,B1GQ_B_W2_S1,Prodotto interno lordo ai prezzi di mercato,V,Prezzi correnti,N,Dati grezzi,2025M12,Dic-2025,2024,50595.3,,,,,,,VAL__V_N3,'Prezzi correnti:l"'aggregato di interesse è espresso in valore e riflette il livello dei prezzi del periodo corrente.',,,,,,,EURO,Euro,6,Milioni
A,Annuale,ITE4,Lazio,B1GQ_B_W2_S1,Prodotto interno lordo ai prezzi di mercato,V,Prezzi correnti,N,Dati grezzi,2025M12,Dic-2025,2015,189573.1,,,,,,,VAL__V_N3,'Prezzi correnti:l"'aggregato di interesse è espresso in valore e riflette il livello dei prezzi del periodo corrente.',,,,,,,EURO,Euro,6,Milioni
A,Annuale,ITE4,Lazio,B1GQ_B_W2_S1,Prodotto interno lordo ai prezzi di mercato,V,Prezzi correnti,N,Dati grezzi,2025M12,Dic-2025,2016,197785.2,,,,,,,VAL__V_N3,'Prezzi correnti:l"'aggregato di interesse è espresso in valore e riflette il livello dei prezzi del periodo corrente.',,,,,,,EURO,Euro,6,Milioni
A,Annuale,ITE4,Lazio,B1GQ_B_W2_S1,Prodotto interno lordo ai prezzi di mercato,V,Prezzi correnti,N,Dati grezzi,2025M12,Dic-2025,2017,200415.9,,,,,,,VAL__V_N3,'Prezzi correnti:l"'aggregato di interesse è espresso in valore e riflette il livello dei prezzi del periodo corrente.',,,,,,,EURO,Euro,6,Milioni
A,Annuale,ITE4,Lazio,B1GQ_B_W2_S1,Prodotto interno lordo ai prezzi di mercato,V,Prezzi correnti,N,Dati grezzi,2025M12,Dic-2025,2018,203326.8,,,,,,,VAL__V_N3,'Prezzi correnti:l"'aggregato di interesse è espresso in valore e riflette il livello dei prezzi del periodo corrente.',,,,,,,EURO,Euro,6,Milioni
A,Annuale,ITE4,Lazio,B1GQ_B_W2_S1,Prodotto interno lordo ai prezzi di mercato,V,Prezzi correnti,N,Dati grezzi,2025M12,Dic-2025,2019,206615,,,,,,,VAL__V_N3,'Prezzi correnti:l"'aggregato di interesse è espresso in valore e riflette il livello dei prezzi del periodo corrente.',,,,,,,EURO,Euro,6,Milioni
A,Annuale,ITE4,Lazio,B1GQ_B_W2_S1,Prodotto interno lordo ai prezzi di mercato,V,Prezzi correnti,N,Dati grezzi,2025M12,Dic-2025,2020,190931.9,,,,,,,VAL__V_N3,'Prezzi correnti:l"'aggregato di interesse è espresso in valore e riflette il livello dei prezzi del periodo corrente.',,,,,,,EURO,Euro,6,Milioni
A,Annuale,ITE4,Lazio,B1GQ_B_W2_S1,Prodotto interno lordo ai prezzi di mercato,V,Prezzi correnti,N,Dati grezzi,2025M12,Dic-2025,2021,204609.6,,,,,,,VAL__V_N3,'Prezzi correnti:l"'aggregato di interesse è espresso in valore e riflette il livello dei prezzi del periodo corrente.',,,,,,,EURO,Euro,6,Milioni
A,Annuale,ITE4,Lazio,B1GQ_B_W2_S1,Prodotto interno lordo ai prezzi di mercato,V,Prezzi correnti,N,Dati grezzi,2025M12,Dic-2025,2022,227486.1,,,,,,,VAL__V_N3,'Prezzi correnti:l"'aggregato di interesse è espresso in valore e riflette il livello dei prezzi del periodo corrente.',,,,,,,EURO,Euro,6,Milioni
A,Annuale,ITE4,Lazio,B1GQ_B_W2_S1,Prodotto interno lordo ai prezzi di mercato,V,Prezzi correnti,N,Dati grezzi,2025M12,Dic-2025,2023,241297.6,,,,,,,VAL__V_N3,'Prezzi correnti:l"'aggregato di interesse è espresso in valore e riflette il livello dei prezzi del periodo corrente.',,,,,,,EURO,Euro,6,Milioni
A,Annuale,ITE4,Lazio,B1GQ_B_W2_S1,Prodotto interno lordo ai prezzi di mercato,V,Prezzi correnti,N,Dati grezzi,2025M12,Dic-2025,2024,246569.4,,,,,,,VAL__V_N3,'Prezzi correnti:l"'aggregato di interesse è espresso in valore e riflette il livello dei prezzi del periodo corrente.',,,,,,,EURO,Euro,6,Milioni
A,Annuale,ITF1,Abruzzo,B1GQ_B_W2_S1,Prodotto interno lordo ai prezzi di mercato,V,Prezzi correnti,N,Dati grezzi,2025M12,Dic-2025,2015,31791.1,,,,,,,VAL__V_N3,'Prezzi correnti:l"'aggregato di interesse è espresso in valore e riflette il livello dei prezzi del periodo corrente.',,,,,,,EURO,Euro,6,Milioni
A,Annuale,ITF1,Abruzzo,B1GQ_B_W2_S1,Prodotto interno lordo ai prezzi di mercato,V,Prezzi correnti,N,Dati grezzi,2025M12,Dic-2025,2016,31926,,,,,,,VAL__V_N3,'Prezzi correnti:l"'aggregato di interesse è espresso in valore e riflette il livello dei prezzi del periodo corrente.',,,,,,,EURO,Euro,6,Milioni
A,Annuale,ITF1,Abruzzo,B1GQ_B_W2_S1,Prodotto interno lordo ai prezzi di mercato,V,Prezzi correnti,N,Dati grezzi,2025M12,Dic-2025,2017,32733.3,,,,,,,VAL__V_N3,'Prezzi correnti:l"'aggregato di interesse è espresso in valore e riflette il livello dei prezzi del periodo corrente.',,,,,,,EURO,Euro,6,Milioni
A,Annuale,ITF1,Abruzzo,B1GQ_B_W2_S1,Prodotto interno lordo ai prezzi di mercato,V,Prezzi correnti,N,Dati grezzi,2025M12,Dic-2025,2018,32798.6,,,,,,,VAL__V_N3,'Prezzi correnti:l"'aggregato di interesse è espresso in valore e riflette il livello dei prezzi del periodo corrente.',,,,,,,EURO,Euro,6,Milioni
A,Annuale,ITF1,Abruzzo,B1GQ_B_W2_S1,Prodotto interno lordo ai prezzi di mercato,V,Prezzi correnti,N,Dati grezzi,2025M12,Dic-2025,2019,33030,,,,,,,VAL__V_N3,'Prezzi correnti:l"'aggregato di interesse è espresso in valore e riflette il livello dei prezzi del periodo corrente.',,,,,,,EURO,Euro,6,Milioni
A,Annuale,ITF1,Abruzzo,B1GQ_B_W2_S1,Prodotto interno lordo ai prezzi di mercato,V,Prezzi correnti,N,Dati grezzi,2025M12,Dic-2025,2020,30550.3,,,,,,,VAL__V_N3,'Prezzi correnti:l"'aggregato di interesse è espresso in valore e riflette il livello dei prezzi del periodo corrente.',,,,,,,EURO,Euro,6,Milioni
A,Annuale,ITF1,Abruzzo,B1GQ_B_W2_S1,Prodotto interno lordo ai prezzi di mercato,V,Prezzi correnti,N,Dati grezzi,2025M12,Dic-2025,2021,33614.9,,,,,,,VAL__V_N3,'Prezzi correnti:l"'aggregato di interesse è espresso in valore e riflette il livello dei prezzi del periodo corrente.',,,,,,,EURO,Euro,6,Milioni
A,Annuale,ITF1,Abruzzo,B1GQ_B_W2_S1,Prodotto interno lordo ai prezzi di mercato,V,Prezzi correnti,N,Dati grezzi,2025M12,Dic-2025,2022,36445.1,,,,,,,VAL__V_N3,'Prezzi correnti:l"'aggregato di interesse è espresso in valore e riflette il livello dei prezzi del periodo corrente.',,,,,,,EURO,Euro,6,Milioni
A,Annuale,ITF1,Abruzzo,B1GQ_B_W2_S1,Prodotto interno lordo ai prezzi di mercato,V,Prezzi correnti,N,Dati grezzi,2025M12,Dic-2025,2023,39557.1,,,,,,,VAL__V_N3,'Prezzi correnti:l"'aggregato di interesse è espresso in valore e riflette il livello dei prezzi del periodo corrente.',,,,,,,EURO,Euro,6,Milioni
A,Annuale,ITF1,Abruzzo,B1GQ_B_W2_S1,Prodotto interno lordo ai prezzi di mercato,V,Prezzi correnti,N,Dati grezzi,2025M12,Dic-2025,2024,40755.5,,,,,,,VAL__V_N3,'Prezzi correnti:l"'aggregato di interesse è espresso in valore e riflette il livello dei prezzi del periodo corrente.',,,,,,,EURO,Euro,6,Milioni
A,Annuale,ITF2,Molise,B1GQ_B_W2_S1,Prodotto interno lordo ai prezzi di mercato,V,Prezzi correnti,N,Dati grezzi,2025M12,Dic-2025,2015,6242.5,,,,,,,VAL__V_N3,'Prezzi correnti:l"'aggregato di interesse è espresso in valore e riflette il livello dei prezzi del periodo corrente.',,,,,,,EURO,Euro,6,Milioni
A,Annuale,ITF2,Molise,B1GQ_B_W2_S1,Prodotto interno lordo ai prezzi di mercato,V,Prezzi correnti,N,Dati grezzi,2025M12,Dic-2025,2016,6336,,,,,,,VAL__V_N3,'Prezzi correnti:l"'aggregato di interesse è espresso in valore e riflette il livello dei prezzi del periodo corrente.',,,,,,,EURO,Euro,6,Milioni
A,Annuale,ITF2,Molise,B1GQ_B_W2_S1,Prodotto interno lordo ai prezzi di mercato,V,Prezzi correnti,N,Dati grezzi,2025M12,Dic-2025,2017,6486.6,,,,,,,VAL__V_N3,'Prezzi correnti:l"'aggregato di interesse è espresso in valore e riflette il livello dei prezzi del periodo corrente.',,,,,,,EURO,Euro,6,Milioni
A,Annuale,ITF2,Molise,B1GQ_B_W2_S1,Prodotto interno lordo ai prezzi di mercato,V,Prezzi correnti,N,Dati grezzi,2025M12,Dic-2025,2018,6604.9,,,,,,,VAL__V_N3,'Prezzi correnti:l"'aggregato di interesse è espresso in valore e riflette il livello dei prezzi del periodo corrente.',,,,,,,EURO,Euro,6,Milioni
A,Annuale,ITF2,Molise,B1GQ_B_W2_S1,Prodotto interno lordo ai prezzi di mercato,V,Prezzi correnti,N,Dati grezzi,2025M12,Dic-2025,2019,6737.1,,,,,,,VAL__V_N3,'Prezzi correnti:l"'aggregato di interesse è espresso in valore e riflette il livello dei prezzi del periodo corrente.',,,,,,,EURO,Euro,6,Milioni
A,Annuale,ITF2,Molise,B1GQ_B_W2_S1,Prodotto interno lordo ai prezzi di mercato,V,Prezzi correnti,N,Dati grezzi,2025M12,Dic-2025,2020,6237,,,,,,,VAL__V_N3,'Prezzi correnti:l"'aggregato di interesse è espresso in valore e riflette il livello dei prezzi del periodo corrente.',,,,,,,EURO,Euro,6,Milioni
A,Annuale,ITF2,Molise,B1GQ_B_W2_S1,Prodotto interno lordo ai prezzi di mercato,V,Prezzi correnti,N,Dati grezzi,2025M12,Dic-2025,2021,6841.1,,,,,,,VAL__V_N3,'Prezzi correnti:l"'aggregato di interesse è espresso in valore e riflette il livello dei prezzi del periodo corrente.',,,,,,,EURO,Euro,6,Milioni
A,Annuale,ITF2,Molise,B1GQ_B_W2_S1,Prodotto interno lordo ai prezzi di mercato,V,Prezzi correnti,N,Dati grezzi,2025M12,Dic-2025,2022,7287.6,,,,,,,VAL__V_N3,'Prezzi correnti:l"'aggregato di interesse è espresso in valore e riflette il livello dei prezzi del periodo corrente.',,,,,,,EURO,Euro,6,Milioni
A,Annuale,ITF2,Molise,B1GQ_B_W2_S1,Prodotto interno lordo ai prezzi di mercato,V,Prezzi correnti,N,Dati grezzi,2025M12,Dic-2025,2023,7874,,,,,,,VAL__V_N3,'Prezzi correnti:l"'aggregato di interesse è espresso in valore e riflette il livello dei prezzi del periodo corrente.',,,,,,,EURO,Euro,6,Milioni
A,Annuale,ITF2,Molise,B1GQ_B_W2_S1,Prodotto interno lordo ai prezzi di mercato,V,Prezzi correnti,N,Dati grezzi,2025M12,Dic-2025,2024,7990.8,,,,,,,VAL__V_N3,'Prezzi correnti:l"'aggregato di interesse è espresso in valore e riflette il livello dei prezzi del periodo corrente.',,,,,,,EURO,Euro,6,Milioni
A,Annuale,ITF3,Campania,B1GQ_B_W2_S1,Prodotto interno lordo ai prezzi di mercato,V,Prezzi correnti,N,Dati grezzi,2025M12,Dic-2025,2015,103440.7,,,,,,,VAL__V_N3,'Prezzi correnti:l"'aggregato di interesse è espresso in valore e riflette il livello dei prezzi del periodo corrente.',,,,,,,EURO,Euro,6,Milioni
A,Annuale,ITF3,Campania,B1GQ_B_W2_S1,Prodotto interno lordo ai prezzi di mercato,V,Prezzi correnti,N,Dati grezzi,2025M12,Dic-2025,2016,105261.1,,,,,,,VAL__V_N3,'Prezzi correnti:l"'aggregato di interesse è espresso in valore e riflette il livello dei prezzi del periodo corrente.',,,,,,,EURO,Euro,6,Milioni
A,Annuale,ITF3,Campania,B1GQ_B_W2_S1,Prodotto interno lordo ai prezzi di mercato,V,Prezzi correnti,N,Dati grezzi,2025M12,Dic-2025,2017,107434.8,,,,,,,VAL__V_N3,'Prezzi correnti:l"'aggregato di interesse è espresso in valore e riflette il livello dei prezzi del periodo corrente.',,,,,,,EURO,Euro,6,Milioni
A,Annuale,ITF3,Campania,B1GQ_B_W2_S1,Prodotto interno lordo ai prezzi di mercato,V,Prezzi correnti,N,Dati grezzi,2025M12,Dic-2025,2018,108541.1,,,,,,,VAL__V_N3,'Prezzi correnti:l"'aggregato di interesse è espresso in valore e riflette il livello dei prezzi del periodo corrente.',,,,,,,EURO,Euro,6,Milioni
A,Annuale,ITF3,Campania,B1GQ_B_W2_S1,Prodotto interno lordo ai prezzi di mercato,V,Prezzi correnti,N,Dati grezzi,2025M12,Dic-2025,2019,110821.4,,,,,,,VAL__V_N3,'Prezzi correnti:l"'aggregato di interesse è espresso in valore e riflette il livello dei prezzi del periodo corrente.',,,,,,,EURO,Euro,6,Milioni
A,Annuale,ITF3,Campania,B1GQ_B_W2_S1,Prodotto interno lordo ai prezzi di mercato,V,Prezzi correnti,N,Dati grezzi,2025M12,Dic-2025,2020,102472.9,,,,,,,VAL__V_N3,'Prezzi correnti:l"'aggregato di interesse è espresso in valore e riflette il livello dei prezzi del periodo corrente.',,,,,,,EURO,Euro,6,Milioni
A,Annuale,ITF3,Campania,B1GQ_B_W2_S1,Prodotto interno lordo ai prezzi di mercato,V,Prezzi correnti,N,Dati grezzi,2025M12,Dic-2025,2021,111969.8,,,,,,,VAL__V_N3,'Prezzi correnti:l"'aggregato di interesse è espresso in valore e riflette il livello dei prezzi del periodo corrente.',,,,,,,EURO,Euro,6,Milioni
A,Annuale,ITF3,Campania,B1GQ_B_W2_S1,Prodotto interno lordo ai prezzi di mercato,V,Prezzi correnti,N,Dati grezzi,2025M12,Dic-2025,2022,122400.5,,,,,,,VAL__V_N3,'Prezzi correnti:l"'aggregato di interesse è espresso in valore e riflette il livello dei prezzi del periodo corrente.',,,,,,,EURO,Euro,6,Milioni
A,Annuale,ITF3,Campania,B1GQ_B_W2_S1,Prodotto interno lordo ai prezzi di mercato,V,Prezzi correnti,N,Dati grezzi,2025M12,Dic-2025,2023,132901.5,,,,,,,VAL__V_N3,'Prezzi correnti:l"'aggregato di interesse è espresso in valore e riflette il livello dei prezzi del periodo corrente.',,,,,,,EURO,Euro,6,Milioni
A,Annuale,ITF3,Campania,B1GQ_B_W2_S1,Prodotto interno lordo ai prezzi di mercato,V,Prezzi correnti,N,Dati grezzi,2025M12,Dic-2025,2024,137267,,,,,,,VAL__V_N3,'Prezzi correnti:l"'aggregato di interesse è espresso in valore e riflette il livello dei prezzi del periodo corrente.',,,,,,,EURO,Euro,6,Milioni
A,Annuale,ITF4,Puglia,B1GQ_B_W2_S1,Prodotto interno lordo ai prezzi di mercato,V,Prezzi correnti,N,Dati grezzi,2025M12,Dic-2025,2015,71883.2,,,,,,,VAL__V_N3,'Prezzi correnti:l"'aggregato di interesse è espresso in valore e riflette il livello dei prezzi del periodo corrente.',,,,,,,EURO,Euro,6,Milioni
A,Annuale,ITF4,Puglia,B1GQ_B_W2_S1,Prodotto interno lordo ai prezzi di mercato,V,Prezzi correnti,N,Dati grezzi,2025M12,Dic-2025,2016,73193.2,,,,,,,VAL__V_N3,'Prezzi correnti:l"'aggregato di interesse è espresso in valore e riflette il livello dei prezzi del periodo corrente.',,,,,,,EURO,Euro,6,Milioni
A,Annuale,ITF4,Puglia,B1GQ_B_W2_S1,Prodotto interno lordo ai prezzi di mercato,V,Prezzi correnti,N,Dati grezzi,2025M12,Dic-2025,2017,74209.6,,,,,,,VAL__V_N3,'Prezzi correnti:l"'aggregato di interesse è espresso in valore e riflette il livello dei prezzi del periodo corrente.',,,,,,,EURO,Euro,6,Milioni
A,Annuale,ITF4,Puglia,B1GQ_B_W2_S1,Prodotto interno lordo ai prezzi di mercato,V,Prezzi correnti,N,Dati grezzi,2025M12,Dic-2025,2018,75458,,,,,,,VAL__V_N3,'Prezzi correnti:l"'aggregato di interesse è espresso in valore e riflette il livello dei prezzi del periodo corrente.',,,,,,,EURO,Euro,6,Milioni
A,Annuale,ITF4,Puglia,B1GQ_B_W2_S1,Prodotto interno lordo ai prezzi di mercato,V,Prezzi correnti,N,Dati grezzi,2025M12,Dic-2025,2019,76392.8,,,,,,,VAL__V_N3,'Prezzi correnti:l"'aggregato di interesse è espresso in valore e riflette il livello dei prezzi del periodo corrente.',,,,,,,EURO,Euro,6,Milioni
A,Annuale,ITF4,Puglia,B1GQ_B_W2_S1,Prodotto interno lordo ai prezzi di mercato,V,Prezzi correnti,N,Dati grezzi,2025M12,Dic-2025,2020,71840.6,,,,,,,VAL__V_N3,'Prezzi correnti:l"'aggregato di interesse è espresso in valore e riflette il livello dei prezzi del periodo corrente.',,,,,,,EURO,Euro,6,Milioni
A,Annuale,ITF4,Puglia,B1GQ_B_W2_S1,Prodotto interno lordo ai prezzi di mercato,V,Prezzi correnti,N,Dati grezzi,2025M12,Dic-2025,2021,79570.1,,,,,,,VAL__V_N3,'Prezzi correnti:l"'aggregato di interesse è espresso in valore e riflette il livello dei prezzi del periodo corrente.',,,,,,,EURO,Euro,6,Milioni
A,Annuale,ITF4,Puglia,B1GQ_B_W2_S1,Prodotto interno lordo ai prezzi di mercato,V,Prezzi correnti,N,Dati grezzi,2025M12,Dic-2025,2022,86406.7,,,,,,,VAL__V_N3,'Prezzi correnti:l"'aggregato di interesse è espresso in valore e riflette il livello dei prezzi del periodo corrente.',,,,,,,EURO,Euro,6,Milioni
A,Annuale,ITF4,Puglia,B1GQ_B_W2_S1,Prodotto interno lordo ai prezzi di mercato,V,Prezzi correnti,N,Dati grezzi,2025M12,Dic-2025,2023,92162.8,,,,,,,VAL__V_N3,'Prezzi correnti:l"'aggregato di interesse è espresso in valore e riflette il livello dei prezzi del periodo corrente.',,,,,,,EURO,Euro,6,Milioni
A,Annuale,ITF4,Puglia,B1GQ_B_W2_S1,Prodotto interno lordo ai prezzi di mercato,V,Prezzi correnti,N,Dati grezzi,2025M12,Dic-2025,2024,94488.9,,,,,,,VAL__V_N3,'Prezzi correnti:l"'aggregato di interesse è espresso in valore e riflette il livello dei prezzi del periodo corrente.',,,,,,,EURO,Euro,6,Milioni
A,Annuale,ITF5,Basilicata,B1GQ_B_W2_S1,Prodotto interno lordo ai prezzi di mercato,V,Prezzi correnti,N,Dati grezzi,2025M12,Dic-2025,2015,11980.7,,,,,,,VAL__V_N3,'Prezzi correnti:l"'aggregato di interesse è espresso in valore e riflette il livello dei prezzi del periodo corrente.',,,,,,,EURO,Euro,6,Milioni
A,Annuale,ITF5,Basilicata,B1GQ_B_W2_S1,Prodotto interno lordo ai prezzi di mercato,V,Prezzi correnti,N,Dati grezzi,2025M12,Dic-2025,2016,11972.1,,,,,,,VAL__V_N3,'Prezzi correnti:l"'aggregato di interesse è espresso in valore e riflette il livello dei prezzi del periodo corrente.',,,,,,,EURO,Euro,6,Milioni
A,Annuale,ITF5,Basilicata,B1GQ_B_W2_S1,Prodotto interno lordo ai prezzi di mercato,V,Prezzi correnti,N,Dati grezzi,2025M12,Dic-2025,2017,12070.6,,,,,,,VAL__V_N3,'Prezzi correnti:l"'aggregato di interesse è espresso in valore e riflette il livello dei prezzi del periodo corrente.',,,,,,,EURO,Euro,6,Milioni
A,Annuale,ITF5,Basilicata,B1GQ_B_W2_S1,Prodotto interno lordo ai prezzi di mercato,V,Prezzi correnti,N,Dati grezzi,2025M12,Dic-2025,2018,12645,,,,,,,VAL__V_N3,'Prezzi correnti:l"'aggregato di interesse è espresso in valore e riflette il livello dei prezzi del periodo corrente.',,,,,,,EURO,Euro,6,Milioni
A,Annuale,ITF5,Basilicata,B1GQ_B_W2_S1,Prodotto interno lordo ai prezzi di mercato,V,Prezzi correnti,N,Dati grezzi,2025M12,Dic-2025,2019,12473,,,,,,,VAL__V_N3,'Prezzi correnti:l"'aggregato di interesse è espresso in valore e riflette il livello dei prezzi del periodo corrente.',,,,,,,EURO,Euro,6,Milioni
A,Annuale,ITF5,Basilicata,B1GQ_B_W2_S1,Prodotto interno lordo ai prezzi di mercato,V,Prezzi correnti,N,Dati grezzi,2025M12,Dic-2025,2020,11304.4,,,,,,,VAL__V_N3,'Prezzi correnti:l"'aggregato di interesse è espresso in valore e riflette il livello dei prezzi del periodo corrente.',,,,,,,EURO,Euro,6,Milioni
A,Annuale,ITF5,Basilicata,B1GQ_B_W2_S1,Prodotto interno lordo ai prezzi di mercato,V,Prezzi correnti,N,Dati grezzi,2025M12,Dic-2025,2021,12958.3,,,,,,,VAL__V_N3,'Prezzi correnti:l"'aggregato di interesse è espresso in valore e riflette il livello dei prezzi del periodo corrente.',,,,,,,EURO,Euro,6,Milioni
A,Annuale,ITF5,Basilicata,B1GQ_B_W2_S1,Prodotto interno lordo ai prezzi di mercato,V,Prezzi correnti,N,Dati grezzi,2025M12,Dic-2025,2022,13988.9,,,,,,,VAL__V_N3,'Prezzi correnti:l"'aggregato di interesse è espresso in valore e riflette il livello dei prezzi del periodo corrente.',,,,,,,EURO,Euro,6,Milioni
A,Annuale,ITF5,Basilicata,B1GQ_B_W2_S1,Prodotto interno lordo ai prezzi di mercato,V,Prezzi correnti,N,Dati grezzi,2025M12,Dic-2025,2023,14840.7,,,,,,,VAL__V_N3,'Prezzi correnti:l"'aggregato di interesse è espresso in valore e riflette il livello dei prezzi del periodo corrente.',,,,,,,EURO,Euro,6,Milioni
A,Annuale,ITF5,Basilicata,B1GQ_B_W2_S1,Prodotto interno lordo ai prezzi di mercato,V,Prezzi correnti,N,Dati grezzi,2025M12,Dic-2025,2024,15106.1,,,,,,,VAL__V_N3,'Prezzi correnti:l"'aggregato di interesse è espresso in valore e riflette il livello dei prezzi del periodo corrente.',,,,,,,EURO,Euro,6,Milioni
A,Annuale,ITF6,Calabria,B1GQ_B_W2_S1,Prodotto interno lordo ai prezzi di mercato,V,Prezzi correnti,N,Dati grezzi,2025M12,Dic-2025,2015,32244.5,,,,,,,VAL__V_N3,'Prezzi correnti:l"'aggregato di interesse è espresso in valore e riflette il livello dei prezzi del periodo corrente.',,,,,,,EURO,Euro,6,Milioni
A,Annuale,ITF6,Calabria,B1GQ_B_W2_S1,Prodotto interno lordo ai prezzi di mercato,V,Prezzi correnti,N,Dati grezzi,2025M12,Dic-2025,2016,32784.5,,,,,,,VAL__V_N3,'Prezzi correnti:l"'aggregato di interesse è espresso in valore e riflette il livello dei prezzi del periodo corrente.',,,,,,,EURO,Euro,6,Milioni
A,Annuale,ITF6,Calabria,B1GQ_B_W2_S1,Prodotto interno lordo ai prezzi di mercato,V,Prezzi correnti,N,Dati grezzi,2025M12,Dic-2025,2017,33454.8,,,,,,,VAL__V_N3,'Prezzi correnti:l"'aggregato di interesse è espresso in valore e riflette il livello dei prezzi del periodo corrente.',,,,,,,EURO,Euro,6,Milioni
A,Annuale,ITF6,Calabria,B1GQ_B_W2_S1,Prodotto interno lordo ai prezzi di mercato,V,Prezzi correnti,N,Dati grezzi,2025M12,Dic-2025,2018,33215.9,,,,,,,VAL__V_N3,'Prezzi correnti:l"'aggregato di interesse è espresso in valore e riflette il livello dei prezzi del periodo corrente.',,,,,,,EURO,Euro,6,Milioni
A,Annuale,ITF6,Calabria,B1GQ_B_W2_S1,Prodotto interno lordo ai prezzi di mercato,V,Prezzi correnti,N,Dati grezzi,2025M12,Dic-2025,2019,33490.1,,,,,,,VAL__V_N3,'Prezzi correnti:l"'aggregato di interesse è espresso in valore e riflette il livello dei prezzi del periodo corrente.',,,,,,,EURO,Euro,6,Milioni
A,Annuale,ITF6,Calabria,B1GQ_B_W2_S1,Prodotto interno lordo ai prezzi di mercato,V,Prezzi correnti,N,Dati grezzi,2025M12,Dic-2025,2020,31143.4,,,,,,,VAL__V_N3,'Prezzi correnti:l"'aggregato di interesse è espresso in valore e riflette il livello dei prezzi del periodo corrente.',,,,,,,EURO,Euro,6,Milioni
A,Annuale,ITF6,Calabria,B1GQ_B_W2_S1,Prodotto interno lordo ai prezzi di mercato,V,Prezzi correnti,N,Dati grezzi,2025M12,Dic-2025,2021,34067.2,,,,,,,VAL__V_N3,'Prezzi correnti:l"'aggregato di interesse è espresso in valore e riflette il livello dei prezzi del periodo corrente.',,,,,,,EURO,Euro,6,Milioni
A,Annuale,ITF6,Calabria,B1GQ_B_W2_S1,Prodotto interno lordo ai prezzi di mercato,V,Prezzi correnti,N,Dati grezzi,2025M12,Dic-2025,2022,36403.8,,,,,,,VAL__V_N3,'Prezzi correnti:l"'aggregato di interesse è espresso in valore e riflette il livello dei prezzi del periodo corrente.',,,,,,,EURO,Euro,6,Milioni
A,Annuale,ITF6,Calabria,B1GQ_B_W2_S1,Prodotto interno lordo ai prezzi di mercato,V,Prezzi correnti,N,Dati grezzi,2025M12,Dic-2025,2023,38936.2,,,,,,,VAL__V_N3,'Prezzi correnti:l"'aggregato di interesse è espresso in valore e riflette il livello dei prezzi del periodo corrente.',,,,,,,EURO,Euro,6,Milioni
A,Annuale,ITF6,Calabria,B1GQ_B_W2_S1,Prodotto interno lordo ai prezzi di mercato,V,Prezzi correnti,N,Dati grezzi,2025M12,Dic-2025,2024,39858.2,,,,,,,VAL__V_N3,'Prezzi correnti:l"'aggregato di interesse è espresso in valore e riflette il livello dei prezzi del periodo corrente.',,,,,,,EURO,Euro,6,Milioni
A,Annuale,ITG1,Sicilia,B1GQ_B_W2_S1,Prodotto interno lordo ai prezzi di mercato,V,Prezzi correnti,N,Dati grezzi,2025M12,Dic-2025,2015,85496,,,,,,,VAL__V_N3,'Prezzi correnti:l"'aggregato di interesse è espresso in valore e riflette il livello dei prezzi del periodo corrente.',,,,,,,EURO,Euro,6,Milioni
A,Annuale,ITG1,Sicilia,B1GQ_B_W2_S1,Prodotto interno lordo ai prezzi di mercato,V,Prezzi correnti,N,Dati grezzi,2025M12,Dic-2025,2016,86060.7,,,,,,,VAL__V_N3,'Prezzi correnti:l"'aggregato di interesse è espresso in valore e riflette il livello dei prezzi del periodo corrente.',,,,,,,EURO,Euro,6,Milioni
A,Annuale,ITG1,Sicilia,B1GQ_B_W2_S1,Prodotto interno lordo ai prezzi di mercato,V,Prezzi correnti,N,Dati grezzi,2025M12,Dic-2025,2017,87772,,,,,,,VAL__V_N3,'Prezzi correnti:l"'aggregato di interesse è espresso in valore e riflette il livello dei prezzi del periodo corrente.',,,,,,,EURO,Euro,6,Milioni
A,Annuale,ITG1,Sicilia,B1GQ_B_W2_S1,Prodotto interno lordo ai prezzi di mercato,V,Prezzi correnti,N,Dati grezzi,2025M12,Dic-2025,2018,87856.6,,,,,,,VAL__V_N3,'Prezzi correnti:l"'aggregato di interesse è espresso in valore e riflette il livello dei prezzi del periodo corrente.',,,,,,,EURO,Euro,6,Milioni
A,Annuale,ITG1,Sicilia,B1GQ_B_W2_S1,Prodotto interno lordo ai prezzi di mercato,V,Prezzi correnti,N,Dati grezzi,2025M12,Dic-2025,2019,88972.2,,,,,,,VAL__V_N3,'Prezzi correnti:l"'aggregato di interesse è espresso in valore e riflette il livello dei prezzi del periodo corrente.',,,,,,,EURO,Euro,6,Milioni
A,Annuale,ITG1,Sicilia,B1GQ_B_W2_S1,Prodotto interno lordo ai prezzi di mercato,V,Prezzi correnti,N,Dati grezzi,2025M12,Dic-2025,2020,83567.8,,,,,,,VAL__V_N3,'Prezzi correnti:l"'aggregato di interesse è espresso in valore e riflette il livello dei prezzi del periodo corrente.',,,,,,,EURO,Euro,6,Milioni
A,Annuale,ITG1,Sicilia,B1GQ_B_W2_S1,Prodotto interno lordo ai prezzi di mercato,V,Prezzi correnti,N,Dati grezzi,2025M12,Dic-2025,2021,92204.8,,,,,,,VAL__V_N3,'Prezzi correnti:l"'aggregato di interesse è espresso in valore e riflette il livello dei prezzi del periodo corrente.',,,,,,,EURO,Euro,6,Milioni
A,Annuale,ITG1,Sicilia,B1GQ_B_W2_S1,Prodotto interno lordo ai prezzi di mercato,V,Prezzi correnti,N,Dati grezzi,2025M12,Dic-2025,2022,102406.5,,,,,,,VAL__V_N3,'Prezzi correnti:l"'aggregato di interesse è espresso in valore e riflette il livello dei prezzi del periodo corrente.',,,,,,,EURO,Euro,6,Milioni
A,Annuale,ITG1,Sicilia,B1GQ_B_W2_S1,Prodotto interno lordo ai prezzi di mercato,V,Prezzi correnti,N,Dati grezzi,2025M12,Dic-2025,2023,106884.6,,,,,,,VAL__V_N3,'Prezzi correnti:l"'aggregato di interesse è espresso in valore e riflette il livello dei prezzi del periodo corrente.',,,,,,,EURO,Euro,6,Milioni
A,Annuale,ITG1,Sicilia,B1GQ_B_W2_S1,Prodotto interno lordo ai prezzi di mercato,V,Prezzi correnti,N,Dati grezzi,2025M12,Dic-2025,2024,111704.4,,,,,,,VAL__V_N3,'Prezzi correnti:l"'aggregato di interesse è espresso in valore e riflette il livello dei prezzi del periodo corrente.',,,,,,,EURO,Euro,6,Milioni
A,Annuale,ITG2,Sardegna,B1GQ_B_W2_S1,Prodotto interno lordo ai prezzi di mercato,V,Prezzi correnti,N,Dati grezzi,2025M12,Dic-2025,2015,33509.8,,,,,,,VAL__V_N3,'Prezzi correnti:l"'aggregato di interesse è espresso in valore e riflette il livello dei prezzi del periodo corrente.',,,,,,,EURO,Euro,6,Milioni
A,Annuale,ITG2,Sardegna,B1GQ_B_W2_S1,Prodotto interno lordo ai prezzi di mercato,V,Prezzi correnti,N,Dati grezzi,2025M12,Dic-2025,2016,33144.1,,,,,,,VAL__V_N3,'Prezzi correnti:l"'aggregato di interesse è espresso in valore e riflette il livello dei prezzi del periodo corrente.',,,,,,,EURO,Euro,6,Milioni
A,Annuale,ITG2,Sardegna,B1GQ_B_W2_S1,Prodotto interno lordo ai prezzi di mercato,V,Prezzi correnti,N,Dati grezzi,2025M12,Dic-2025,2017,33773.5,,,,,,,VAL__V_N3,'Prezzi correnti:l"'aggregato di interesse è espresso in valore e riflette il livello dei prezzi del periodo corrente.',,,,,,,EURO,Euro,6,Milioni
A,Annuale,ITG2,Sardegna,B1GQ_B_W2_S1,Prodotto interno lordo ai prezzi di mercato,V,Prezzi correnti,N,Dati grezzi,2025M12,Dic-2025,2018,34282.2,,,,,,,VAL__V_N3,'Prezzi correnti:l"'aggregato di interesse è espresso in valore e riflette il livello dei prezzi del periodo corrente.',,,,,,,EURO,Euro,6,Milioni
A,Annuale,ITG2,Sardegna,B1GQ_B_W2_S1,Prodotto interno lordo ai prezzi di mercato,V,Prezzi correnti,N,Dati grezzi,2025M12,Dic-2025,2019,34999.6,,,,,,,VAL__V_N3,'Prezzi correnti:l"'aggregato di interesse è espresso in valore e riflette il livello dei prezzi del periodo corrente.',,,,,,,EURO,Euro,6,Milioni
A,Annuale,ITG2,Sardegna,B1GQ_B_W2_S1,Prodotto interno lordo ai prezzi di mercato,V,Prezzi correnti,N,Dati grezzi,2025M12,Dic-2025,2020,32335.6,,,,,,,VAL__V_N3,'Prezzi correnti:l"'aggregato di interesse è espresso in valore e riflette il livello dei prezzi del periodo corrente.',,,,,,,EURO,Euro,6,Milioni
A,Annuale,ITG2,Sardegna,B1GQ_B_W2_S1,Prodotto interno lordo ai prezzi di mercato,V,Prezzi correnti,N,Dati grezzi,2025M12,Dic-2025,2021,35702.3,,,,,,,VAL__V_N3,'Prezzi correnti:l"'aggregato di interesse è espresso in valore e riflette il livello dei prezzi del periodo corrente.',,,,,,,EURO,Euro,6,Milioni
A,Annuale,ITG2,Sardegna,B1GQ_B_W2_S1,Prodotto interno lordo ai prezzi di mercato,V,Prezzi correnti,N,Dati grezzi,2025M12,Dic-2025,2022,38870.7,,,,,,,VAL__V_N3,'Prezzi correnti:l"'aggregato di interesse è espresso in valore e riflette il livello dei prezzi del periodo corrente.',,,,,,,EURO,Euro,6,Milioni
A,Annuale,ITG2,Sardegna,B1GQ_B_W2_S1,Prodotto interno lordo ai prezzi di mercato,V,Prezzi correnti,N,Dati grezzi,2025M12,Dic-2025,2023,41799.3,,,,,,,VAL__V_N3,'Prezzi correnti:l"'aggregato di interesse è espresso in valore e riflette il livello dei prezzi del periodo corrente.',,,,,,,EURO,Euro,6,Milioni
A,Annuale,ITG2,Sardegna,B1GQ_B_W2_S1,Prodotto interno lordo ai prezzi di mercato,V,Prezzi correnti,N,Dati grezzi,2025M12,Dic-2025,2024,43437.6,,,,,,,VAL__V_N3,'Prezzi correnti:l"'aggregato di interesse è espresso in valore e riflette il livello dei prezzi del periodo corrente.',,,,,,,EURO,Euro,6,Milioni
