Date,Country,Index_category,Index,Value
2025-06-01,IT,Financial_soundness,activos_líquidos_sobre_pasivos_a_corto_plazo.,117.4
2025-03-01,IT,Financial_soundness,activos_líquidos_sobre_pasivos_a_corto_plazo.,119.4
2024-12-01,IT,Financial_soundness,activos_líquidos_sobre_pasivos_a_corto_plazo.,124.0
2024-09-01,IT,Financial_soundness,activos_líquidos_sobre_pasivos_a_corto_plazo.,118.1
2024-06-01,IT,Financial_soundness,activos_líquidos_sobre_pasivos_a_corto_plazo.,115.9
2024-03-01,IT,Financial_soundness,activos_líquidos_sobre_pasivos_a_corto_plazo.,112.2
2023-12-01,IT,Financial_soundness,activos_líquidos_sobre_pasivos_a_corto_plazo.,107.8
2023-09-01,IT,Financial_soundness,activos_líquidos_sobre_pasivos_a_corto_plazo.,98.5
2023-06-01,IT,Financial_soundness,activos_líquidos_sobre_pasivos_a_corto_plazo.,94.9
2023-03-01,IT,Financial_soundness,activos_líquidos_sobre_pasivos_a_corto_plazo.,87.7
2022-12-01,IT,Financial_soundness,activos_líquidos_sobre_pasivos_a_corto_plazo.,86.7
2022-09-01,IT,Financial_soundness,activos_líquidos_sobre_pasivos_a_corto_plazo.,87.6
2022-06-01,IT,Financial_soundness,activos_líquidos_sobre_pasivos_a_corto_plazo.,92.2
2022-06-01,ES,Financial_soundness,activos_líquidos_sobre_pasivos_a_corto_plazo.,30.78
2022-09-01,ES,Financial_soundness,activos_líquidos_sobre_pasivos_a_corto_plazo.,29.85
2022-12-01,ES,Financial_soundness,activos_líquidos_sobre_pasivos_a_corto_plazo.,25.3
2023-03-01,ES,Financial_soundness,activos_líquidos_sobre_pasivos_a_corto_plazo.,24.56
2023-06-01,ES,Financial_soundness,activos_líquidos_sobre_pasivos_a_corto_plazo.,24.62
2023-09-01,ES,Financial_soundness,activos_líquidos_sobre_pasivos_a_corto_plazo.,25.03
2023-12-01,ES,Financial_soundness,activos_líquidos_sobre_pasivos_a_corto_plazo.,26.13
2024-03-01,ES,Financial_soundness,activos_líquidos_sobre_pasivos_a_corto_plazo.,26.0
2024-06-01,ES,Financial_soundness,activos_líquidos_sobre_pasivos_a_corto_plazo.,24.68
2024-09-01,ES,Financial_soundness,activos_líquidos_sobre_pasivos_a_corto_plazo.,25.98
2024-12-01,ES,Financial_soundness,activos_líquidos_sobre_pasivos_a_corto_plazo.,25.11
2025-03-01,ES,Financial_soundness,activos_líquidos_sobre_pasivos_a_corto_plazo.,24.3
2025-06-01,ES,Financial_soundness,activos_líquidos_sobre_pasivos_a_corto_plazo.,24.01
2025-06-01,IT,Financial_soundness,préstamos_dudosos_netos_de_provisiones_sobre_el_capital.,12.2
2025-03-01,IT,Financial_soundness,préstamos_dudosos_netos_de_provisiones_sobre_el_capital.,12.2
2024-12-01,IT,Financial_soundness,préstamos_dudosos_netos_de_provisiones_sobre_el_capital.,12.7
2024-09-01,IT,Financial_soundness,préstamos_dudosos_netos_de_provisiones_sobre_el_capital.,13.0
2024-06-01,IT,Financial_soundness,préstamos_dudosos_netos_de_provisiones_sobre_el_capital.,12.9
2024-03-01,IT,Financial_soundness,préstamos_dudosos_netos_de_provisiones_sobre_el_capital.,12.4
2023-12-01,IT,Financial_soundness,préstamos_dudosos_netos_de_provisiones_sobre_el_capital.,12.5
2023-09-01,IT,Financial_soundness,préstamos_dudosos_netos_de_provisiones_sobre_el_capital.,12.7
2023-06-01,IT,Financial_soundness,préstamos_dudosos_netos_de_provisiones_sobre_el_capital.,13.1
2023-03-01,IT,Financial_soundness,préstamos_dudosos_netos_de_provisiones_sobre_el_capital.,13.8
2022-12-01,IT,Financial_soundness,préstamos_dudosos_netos_de_provisiones_sobre_el_capital.,13.7
2022-09-01,IT,Financial_soundness,préstamos_dudosos_netos_de_provisiones_sobre_el_capital.,15.0
2022-06-01,IT,Financial_soundness,préstamos_dudosos_netos_de_provisiones_sobre_el_capital.,15.3
2022-06-01,ES,Financial_soundness,préstamos_dudosos_netos_de_provisiones_sobre_el_capital.,19.03
2022-09-01,ES,Financial_soundness,préstamos_dudosos_netos_de_provisiones_sobre_el_capital.,18.58
2022-12-01,ES,Financial_soundness,préstamos_dudosos_netos_de_provisiones_sobre_el_capital.,17.82
2023-03-01,ES,Financial_soundness,préstamos_dudosos_netos_de_provisiones_sobre_el_capital.,17.45
2023-06-01,ES,Financial_soundness,préstamos_dudosos_netos_de_provisiones_sobre_el_capital.,17.42
2023-09-01,ES,Financial_soundness,préstamos_dudosos_netos_de_provisiones_sobre_el_capital.,17.52
2023-12-01,ES,Financial_soundness,préstamos_dudosos_netos_de_provisiones_sobre_el_capital.,17.1
2024-03-01,ES,Financial_soundness,préstamos_dudosos_netos_de_provisiones_sobre_el_capital.,16.84
2024-06-01,ES,Financial_soundness,préstamos_dudosos_netos_de_provisiones_sobre_el_capital.,16.29
2024-09-01,ES,Financial_soundness,préstamos_dudosos_netos_de_provisiones_sobre_el_capital.,16.07
2024-12-01,ES,Financial_soundness,préstamos_dudosos_netos_de_provisiones_sobre_el_capital.,15.2
2025-03-01,ES,Financial_soundness,préstamos_dudosos_netos_de_provisiones_sobre_el_capital.,14.8
2025-06-01,ES,Financial_soundness,préstamos_dudosos_netos_de_provisiones_sobre_el_capital.,13.85
2025-06-01,IT,Financial_soundness,préstamos_dudosos_sobre_el_total_de_préstamos_brutos.,2.6
2025-03-01,IT,Financial_soundness,préstamos_dudosos_sobre_el_total_de_préstamos_brutos.,2.7
2024-12-01,IT,Financial_soundness,préstamos_dudosos_sobre_el_total_de_préstamos_brutos.,2.7
2024-09-01,IT,Financial_soundness,préstamos_dudosos_sobre_el_total_de_préstamos_brutos.,2.8
2024-06-01,IT,Financial_soundness,préstamos_dudosos_sobre_el_total_de_préstamos_brutos.,2.8
2024-03-01,IT,Financial_soundness,préstamos_dudosos_sobre_el_total_de_préstamos_brutos.,2.7
2023-12-01,IT,Financial_soundness,préstamos_dudosos_sobre_el_total_de_préstamos_brutos.,2.7
2023-09-01,IT,Financial_soundness,préstamos_dudosos_sobre_el_total_de_préstamos_brutos.,2.7
2023-06-01,IT,Financial_soundness,préstamos_dudosos_sobre_el_total_de_préstamos_brutos.,2.8
2023-03-01,IT,Financial_soundness,préstamos_dudosos_sobre_el_total_de_préstamos_brutos.,2.8
2022-12-01,IT,Financial_soundness,préstamos_dudosos_sobre_el_total_de_préstamos_brutos.,2.8
2022-09-01,IT,Financial_soundness,préstamos_dudosos_sobre_el_total_de_préstamos_brutos.,2.9
2022-06-01,IT,Financial_soundness,préstamos_dudosos_sobre_el_total_de_préstamos_brutos.,2.9
2022-06-01,ES,Financial_soundness,préstamos_dudosos_sobre_el_total_de_préstamos_brutos.,3.18
2022-09-01,ES,Financial_soundness,préstamos_dudosos_sobre_el_total_de_préstamos_brutos.,3.11
2022-12-01,ES,Financial_soundness,préstamos_dudosos_sobre_el_total_de_préstamos_brutos.,3.06
2023-03-01,ES,Financial_soundness,préstamos_dudosos_sobre_el_total_de_préstamos_brutos.,3.02
2023-06-01,ES,Financial_soundness,préstamos_dudosos_sobre_el_total_de_préstamos_brutos.,3.02
2023-09-01,ES,Financial_soundness,préstamos_dudosos_sobre_el_total_de_préstamos_brutos.,3.04
2023-12-01,ES,Financial_soundness,préstamos_dudosos_sobre_el_total_de_préstamos_brutos.,3.06
2024-03-01,ES,Financial_soundness,préstamos_dudosos_sobre_el_total_de_préstamos_brutos.,3.04
2024-06-01,ES,Financial_soundness,préstamos_dudosos_sobre_el_total_de_préstamos_brutos.,2.94
2024-09-01,ES,Financial_soundness,préstamos_dudosos_sobre_el_total_de_préstamos_brutos.,2.93
2024-12-01,ES,Financial_soundness,préstamos_dudosos_sobre_el_total_de_préstamos_brutos.,2.87
2025-03-01,ES,Financial_soundness,préstamos_dudosos_sobre_el_total_de_préstamos_brutos.,2.82
2025-06-01,ES,Financial_soundness,préstamos_dudosos_sobre_el_total_de_préstamos_brutos.,2.69
2025-06-01,IT,Financial_soundness,rendimiento_sobre_el_activo.,0.7
2025-03-01,IT,Financial_soundness,rendimiento_sobre_el_activo.,0.3
2024-12-01,IT,Financial_soundness,rendimiento_sobre_el_activo.,1.2
2024-09-01,IT,Financial_soundness,rendimiento_sobre_el_activo.,0.9
2024-06-01,IT,Financial_soundness,rendimiento_sobre_el_activo.,0.6
2024-03-01,IT,Financial_soundness,rendimiento_sobre_el_activo.,0.3
2023-12-01,IT,Financial_soundness,rendimiento_sobre_el_activo.,1.0
2023-09-01,IT,Financial_soundness,rendimiento_sobre_el_activo.,0.8
2023-06-01,IT,Financial_soundness,rendimiento_sobre_el_activo.,0.5
2023-03-01,IT,Financial_soundness,rendimiento_sobre_el_activo.,0.2
2022-12-01,IT,Financial_soundness,rendimiento_sobre_el_activo.,0.7
2022-09-01,IT,Financial_soundness,rendimiento_sobre_el_activo.,0.5
2022-06-01,IT,Financial_soundness,rendimiento_sobre_el_activo.,0.3
2022-06-01,ES,Financial_soundness,rendimiento_sobre_el_activo.,0.87
2022-09-01,ES,Financial_soundness,rendimiento_sobre_el_activo.,0.89
2022-12-01,ES,Financial_soundness,rendimiento_sobre_el_activo.,0.86
2023-03-01,ES,Financial_soundness,rendimiento_sobre_el_activo.,1.0
2023-06-01,ES,Financial_soundness,rendimiento_sobre_el_activo.,1.07
2023-09-01,ES,Financial_soundness,rendimiento_sobre_el_activo.,1.12
2023-12-01,ES,Financial_soundness,rendimiento_sobre_el_activo.,1.08
2024-03-01,ES,Financial_soundness,rendimiento_sobre_el_activo.,1.18
2024-06-01,ES,Financial_soundness,rendimiento_sobre_el_activo.,1.29
2024-09-01,ES,Financial_soundness,rendimiento_sobre_el_activo.,1.32
2024-12-01,ES,Financial_soundness,rendimiento_sobre_el_activo.,1.3
2025-03-01,ES,Financial_soundness,rendimiento_sobre_el_activo.,1.4
2025-06-01,ES,Financial_soundness,rendimiento_sobre_el_activo.,1.36
2025-06-01,IT,Financial_soundness,capital_de_nivel_1_sobre_activos.,6.8
2025-03-01,IT,Financial_soundness,capital_de_nivel_1_sobre_activos.,6.9
2024-12-01,IT,Financial_soundness,capital_de_nivel_1_sobre_activos.,6.8
2024-09-01,IT,Financial_soundness,capital_de_nivel_1_sobre_activos.,6.7
2024-06-01,IT,Financial_soundness,capital_de_nivel_1_sobre_activos.,6.6
2024-03-01,IT,Financial_soundness,capital_de_nivel_1_sobre_activos.,6.6
2023-12-01,IT,Financial_soundness,capital_de_nivel_1_sobre_activos.,6.5
2023-09-01,IT,Financial_soundness,capital_de_nivel_1_sobre_activos.,6.5
2023-06-01,IT,Financial_soundness,capital_de_nivel_1_sobre_activos.,6.4
2023-03-01,IT,Financial_soundness,capital_de_nivel_1_sobre_activos.,6.1
2022-12-01,IT,Financial_soundness,capital_de_nivel_1_sobre_activos.,6.3
2022-09-01,IT,Financial_soundness,capital_de_nivel_1_sobre_activos.,5.9
2022-06-01,IT,Financial_soundness,capital_de_nivel_1_sobre_activos.,5.9
2022-06-01,ES,Financial_soundness,capital_de_nivel_1_sobre_activos.,5.23
2022-09-01,ES,Financial_soundness,capital_de_nivel_1_sobre_activos.,5.22
2022-12-01,ES,Financial_soundness,capital_de_nivel_1_sobre_activos.,5.52
2023-03-01,ES,Financial_soundness,capital_de_nivel_1_sobre_activos.,5.59
2023-06-01,ES,Financial_soundness,capital_de_nivel_1_sobre_activos.,5.59
2023-09-01,ES,Financial_soundness,capital_de_nivel_1_sobre_activos.,5.59
2023-12-01,ES,Financial_soundness,capital_de_nivel_1_sobre_activos.,5.66
2024-03-01,ES,Financial_soundness,capital_de_nivel_1_sobre_activos.,5.66
2024-06-01,ES,Financial_soundness,capital_de_nivel_1_sobre_activos.,5.68
2024-09-01,ES,Financial_soundness,capital_de_nivel_1_sobre_activos.,5.65
2024-12-01,ES,Financial_soundness,capital_de_nivel_1_sobre_activos.,5.75
2025-03-01,ES,Financial_soundness,capital_de_nivel_1_sobre_activos.,5.76
2025-06-01,ES,Financial_soundness,capital_de_nivel_1_sobre_activos.,5.78
2025-06-01,IT,Financial_soundness,capital_ordinario_de_nivel_1_sobre_activos_ponderados_por_riesgo.,17.4
2025-03-01,IT,Financial_soundness,capital_ordinario_de_nivel_1_sobre_activos_ponderados_por_riesgo.,17.5
2024-12-01,IT,Financial_soundness,capital_ordinario_de_nivel_1_sobre_activos_ponderados_por_riesgo.,17.2
2024-09-01,IT,Financial_soundness,capital_ordinario_de_nivel_1_sobre_activos_ponderados_por_riesgo.,17.5
2024-06-01,IT,Financial_soundness,capital_ordinario_de_nivel_1_sobre_activos_ponderados_por_riesgo.,17.3
2024-03-01,IT,Financial_soundness,capital_ordinario_de_nivel_1_sobre_activos_ponderados_por_riesgo.,17.0
2023-12-01,IT,Financial_soundness,capital_ordinario_de_nivel_1_sobre_activos_ponderados_por_riesgo.,16.9
2023-09-01,IT,Financial_soundness,capital_ordinario_de_nivel_1_sobre_activos_ponderados_por_riesgo.,17.1
2023-06-01,IT,Financial_soundness,capital_ordinario_de_nivel_1_sobre_activos_ponderados_por_riesgo.,16.8
2023-03-01,IT,Financial_soundness,capital_ordinario_de_nivel_1_sobre_activos_ponderados_por_riesgo.,16.4
2022-12-01,IT,Financial_soundness,capital_ordinario_de_nivel_1_sobre_activos_ponderados_por_riesgo.,16.7
2022-09-01,IT,Financial_soundness,capital_ordinario_de_nivel_1_sobre_activos_ponderados_por_riesgo.,15.9
2022-06-01,IT,Financial_soundness,capital_ordinario_de_nivel_1_sobre_activos_ponderados_por_riesgo.,16.1
2022-06-01,ES,Financial_soundness,capital_ordinario_de_nivel_1_sobre_activos_ponderados_por_riesgo.,13.07
2022-09-01,ES,Financial_soundness,capital_ordinario_de_nivel_1_sobre_activos_ponderados_por_riesgo.,13.02
2022-12-01,ES,Financial_soundness,capital_ordinario_de_nivel_1_sobre_activos_ponderados_por_riesgo.,13.2
2023-03-01,ES,Financial_soundness,capital_ordinario_de_nivel_1_sobre_activos_ponderados_por_riesgo.,13.29
2023-06-01,ES,Financial_soundness,capital_ordinario_de_nivel_1_sobre_activos_ponderados_por_riesgo.,13.29
2023-09-01,ES,Financial_soundness,capital_ordinario_de_nivel_1_sobre_activos_ponderados_por_riesgo.,13.2
2023-12-01,ES,Financial_soundness,capital_ordinario_de_nivel_1_sobre_activos_ponderados_por_riesgo.,13.33
2024-03-01,ES,Financial_soundness,capital_ordinario_de_nivel_1_sobre_activos_ponderados_por_riesgo.,13.29
2024-06-01,ES,Financial_soundness,capital_ordinario_de_nivel_1_sobre_activos_ponderados_por_riesgo.,13.38
2024-09-01,ES,Financial_soundness,capital_ordinario_de_nivel_1_sobre_activos_ponderados_por_riesgo.,13.39
2024-12-01,ES,Financial_soundness,capital_ordinario_de_nivel_1_sobre_activos_ponderados_por_riesgo.,13.55
2025-03-01,ES,Financial_soundness,capital_ordinario_de_nivel_1_sobre_activos_ponderados_por_riesgo.,13.76
2025-06-01,ES,Financial_soundness,capital_ordinario_de_nivel_1_sobre_activos_ponderados_por_riesgo.,13.83
2025-10-01,IT,Interest_rates,Tipo_interés_medio_ponderado,3.5206
2025-09-01,IT,Interest_rates,Tipo_interés_medio_ponderado,3.3835
2025-08-01,IT,Interest_rates,Tipo_interés_medio_ponderado,3.3882
2025-07-01,IT,Interest_rates,Tipo_interés_medio_ponderado,3.4983
2025-06-01,IT,Interest_rates,Tipo_interés_medio_ponderado,3.6047
2025-05-01,IT,Interest_rates,Tipo_interés_medio_ponderado,3.66
2025-04-01,IT,Interest_rates,Tipo_interés_medio_ponderado,3.7563
2025-03-01,IT,Interest_rates,Tipo_interés_medio_ponderado,3.9191
2025-02-01,IT,Interest_rates,Tipo_interés_medio_ponderado,3.9923
2025-01-01,IT,Interest_rates,Tipo_interés_medio_ponderado,4.133
2024-12-01,IT,Interest_rates,Tipo_interés_medio_ponderado,4.4007
2024-11-01,IT,Interest_rates,Tipo_interés_medio_ponderado,4.5268
2024-10-01,IT,Interest_rates,Tipo_interés_medio_ponderado,4.6999
2024-09-01,IT,Interest_rates,Tipo_interés_medio_ponderado,4.9017
2024-08-01,IT,Interest_rates,Tipo_interés_medio_ponderado,5.128
2024-07-01,IT,Interest_rates,Tipo_interés_medio_ponderado,5.2841
2024-06-01,IT,Interest_rates,Tipo_interés_medio_ponderado,5.2631
2024-05-01,IT,Interest_rates,Tipo_interés_medio_ponderado,5.3796
2024-04-01,IT,Interest_rates,Tipo_interés_medio_ponderado,5.2987
2024-03-01,IT,Interest_rates,Tipo_interés_medio_ponderado,5.2596
2024-02-01,IT,Interest_rates,Tipo_interés_medio_ponderado,5.3436
2024-01-01,IT,Interest_rates,Tipo_interés_medio_ponderado,5.4839
2023-12-01,IT,Interest_rates,Tipo_interés_medio_ponderado,5.4537
2023-11-01,IT,Interest_rates,Tipo_interés_medio_ponderado,5.5921
2023-10-01,IT,Interest_rates,Tipo_interés_medio_ponderado,5.4609
2023-09-01,IT,Interest_rates,Tipo_interés_medio_ponderado,5.3451
2023-08-01,IT,Interest_rates,Tipo_interés_medio_ponderado,5.0055
2023-07-01,IT,Interest_rates,Tipo_interés_medio_ponderado,5.0919
2023-06-01,IT,Interest_rates,Tipo_interés_medio_ponderado,5.0356
2023-05-01,IT,Interest_rates,Tipo_interés_medio_ponderado,4.8122
2023-04-01,IT,Interest_rates,Tipo_interés_medio_ponderado,4.5218
2023-03-01,IT,Interest_rates,Tipo_interés_medio_ponderado,4.3008
2023-02-01,IT,Interest_rates,Tipo_interés_medio_ponderado,3.5509
2023-01-01,IT,Interest_rates,Tipo_interés_medio_ponderado,3.7193
2022-12-01,IT,Interest_rates,Tipo_interés_medio_ponderado,3.5527
2022-11-01,IT,Interest_rates,Tipo_interés_medio_ponderado,2.9982
2022-10-01,IT,Interest_rates,Tipo_interés_medio_ponderado,2.5372
2022-09-01,IT,Interest_rates,Tipo_interés_medio_ponderado,1.992
2022-08-01,IT,Interest_rates,Tipo_interés_medio_ponderado,1.4468
2022-07-01,IT,Interest_rates,Tipo_interés_medio_ponderado,1.3112
2022-06-01,IT,Interest_rates,Tipo_interés_medio_ponderado,1.4422
2022-05-01,IT,Interest_rates,Tipo_interés_medio_ponderado,1.1882
2022-04-01,IT,Interest_rates,Tipo_interés_medio_ponderado,1.2291
2022-03-01,IT,Interest_rates,Tipo_interés_medio_ponderado,1.2289
2022-02-01,IT,Interest_rates,Tipo_interés_medio_ponderado,1.0896
2022-01-01,IT,Interest_rates,Tipo_interés_medio_ponderado,1.124
2021-12-01,IT,Interest_rates,Tipo_interés_medio_ponderado,1.1844
2021-11-01,IT,Interest_rates,Tipo_interés_medio_ponderado,1.0926
2021-10-01,IT,Interest_rates,Tipo_interés_medio_ponderado,1.1411
2021-09-01,IT,Interest_rates,Tipo_interés_medio_ponderado,1.1557
2021-08-01,IT,Interest_rates,Tipo_interés_medio_ponderado,1.0721
2021-07-01,IT,Interest_rates,Tipo_interés_medio_ponderado,1.0492
2021-06-01,IT,Interest_rates,Tipo_interés_medio_ponderado,1.1723
2021-05-01,IT,Interest_rates,Tipo_interés_medio_ponderado,1.1275
2021-04-01,IT,Interest_rates,Tipo_interés_medio_ponderado,1.1863
2021-03-01,IT,Interest_rates,Tipo_interés_medio_ponderado,1.2545
2021-02-01,IT,Interest_rates,Tipo_interés_medio_ponderado,1.142
2021-01-01,IT,Interest_rates,Tipo_interés_medio_ponderado,1.1722
2020-12-01,IT,Interest_rates,Tipo_interés_medio_ponderado,1.3828
2020-11-01,IT,Interest_rates,Tipo_interés_medio_ponderado,1.3279
2020-10-01,IT,Interest_rates,Tipo_interés_medio_ponderado,1.2854
2020-09-01,IT,Interest_rates,Tipo_interés_medio_ponderado,1.2864
2020-08-01,IT,Interest_rates,Tipo_interés_medio_ponderado,1.1469
2020-07-01,IT,Interest_rates,Tipo_interés_medio_ponderado,1.189
2020-06-01,IT,Interest_rates,Tipo_interés_medio_ponderado,1.2627
2020-05-01,IT,Interest_rates,Tipo_interés_medio_ponderado,1.2084
2020-04-01,IT,Interest_rates,Tipo_interés_medio_ponderado,1.0645
2020-03-01,IT,Interest_rates,Tipo_interés_medio_ponderado,1.0526
2020-02-01,IT,Interest_rates,Tipo_interés_medio_ponderado,1.2534
2020-01-01,IT,Interest_rates,Tipo_interés_medio_ponderado,1.1784
2019-12-01,IT,Interest_rates,Tipo_interés_medio_ponderado,1.3708
2019-11-01,IT,Interest_rates,Tipo_interés_medio_ponderado,1.2914
2019-10-01,IT,Interest_rates,Tipo_interés_medio_ponderado,1.3104
2019-09-01,IT,Interest_rates,Tipo_interés_medio_ponderado,1.2631
2019-08-01,IT,Interest_rates,Tipo_interés_medio_ponderado,1.2589
2019-07-01,IT,Interest_rates,Tipo_interés_medio_ponderado,1.3712
2019-06-01,IT,Interest_rates,Tipo_interés_medio_ponderado,1.3485
2019-05-01,IT,Interest_rates,Tipo_interés_medio_ponderado,1.4264
2019-04-01,IT,Interest_rates,Tipo_interés_medio_ponderado,1.4598
2019-03-01,IT,Interest_rates,Tipo_interés_medio_ponderado,1.4215
2019-02-01,IT,Interest_rates,Tipo_interés_medio_ponderado,1.5229
2019-01-01,IT,Interest_rates,Tipo_interés_medio_ponderado,1.474
2018-12-01,IT,Interest_rates,Tipo_interés_medio_ponderado,1.4718
2018-11-01,IT,Interest_rates,Tipo_interés_medio_ponderado,1.5103
2018-10-01,IT,Interest_rates,Tipo_interés_medio_ponderado,1.5268
2018-09-01,IT,Interest_rates,Tipo_interés_medio_ponderado,1.4578
2018-08-01,IT,Interest_rates,Tipo_interés_medio_ponderado,1.5544
2018-07-01,IT,Interest_rates,Tipo_interés_medio_ponderado,1.4934
2018-06-01,IT,Interest_rates,Tipo_interés_medio_ponderado,1.4938
2018-05-01,IT,Interest_rates,Tipo_interés_medio_ponderado,1.4354
2018-04-01,IT,Interest_rates,Tipo_interés_medio_ponderado,1.4729
2018-03-01,IT,Interest_rates,Tipo_interés_medio_ponderado,1.5368
2018-02-01,IT,Interest_rates,Tipo_interés_medio_ponderado,1.5407
2018-01-01,IT,Interest_rates,Tipo_interés_medio_ponderado,1.4214
2017-12-01,IT,Interest_rates,Tipo_interés_medio_ponderado,1.5042
2017-11-01,IT,Interest_rates,Tipo_interés_medio_ponderado,1.4918
2017-10-01,IT,Interest_rates,Tipo_interés_medio_ponderado,1.5047
2017-09-01,IT,Interest_rates,Tipo_interés_medio_ponderado,1.4472
2017-08-01,IT,Interest_rates,Tipo_interés_medio_ponderado,1.5929
2017-07-01,IT,Interest_rates,Tipo_interés_medio_ponderado,1.5465
2017-06-01,IT,Interest_rates,Tipo_interés_medio_ponderado,1.5386
2017-05-01,IT,Interest_rates,Tipo_interés_medio_ponderado,1.5993
2017-04-01,IT,Interest_rates,Tipo_interés_medio_ponderado,1.5197
2017-03-01,IT,Interest_rates,Tipo_interés_medio_ponderado,1.6694
2017-02-01,IT,Interest_rates,Tipo_interés_medio_ponderado,1.5242
2017-01-01,IT,Interest_rates,Tipo_interés_medio_ponderado,1.5602
2016-12-01,IT,Interest_rates,Tipo_interés_medio_ponderado,1.5379
2016-11-01,IT,Interest_rates,Tipo_interés_medio_ponderado,1.5591
2016-10-01,IT,Interest_rates,Tipo_interés_medio_ponderado,1.57
2016-09-01,IT,Interest_rates,Tipo_interés_medio_ponderado,1.4979
2016-08-01,IT,Interest_rates,Tipo_interés_medio_ponderado,1.6514
2016-07-01,IT,Interest_rates,Tipo_interés_medio_ponderado,1.7053
2016-06-01,IT,Interest_rates,Tipo_interés_medio_ponderado,1.7315
2016-05-01,IT,Interest_rates,Tipo_interés_medio_ponderado,1.777
2016-04-01,IT,Interest_rates,Tipo_interés_medio_ponderado,1.9222
2016-03-01,IT,Interest_rates,Tipo_interés_medio_ponderado,1.9028
2016-02-01,IT,Interest_rates,Tipo_interés_medio_ponderado,1.9366
2016-01-01,IT,Interest_rates,Tipo_interés_medio_ponderado,2.0309
2015-12-01,IT,Interest_rates,Tipo_interés_medio_ponderado,1.9163
2015-11-01,IT,Interest_rates,Tipo_interés_medio_ponderado,1.8731
2015-10-01,IT,Interest_rates,Tipo_interés_medio_ponderado,2.0103
2015-09-01,IT,Interest_rates,Tipo_interés_medio_ponderado,1.9735
2015-08-01,IT,Interest_rates,Tipo_interés_medio_ponderado,2.102
2015-07-01,IT,Interest_rates,Tipo_interés_medio_ponderado,2.0586
2015-06-01,IT,Interest_rates,Tipo_interés_medio_ponderado,2.127
2015-05-01,IT,Interest_rates,Tipo_interés_medio_ponderado,2.1676
2015-04-01,IT,Interest_rates,Tipo_interés_medio_ponderado,2.3946
2015-03-01,IT,Interest_rates,Tipo_interés_medio_ponderado,2.3988
2015-02-01,IT,Interest_rates,Tipo_interés_medio_ponderado,2.5372
2015-01-01,IT,Interest_rates,Tipo_interés_medio_ponderado,2.5211
2014-12-01,IT,Interest_rates,Tipo_interés_medio_ponderado,2.5702
2014-11-01,IT,Interest_rates,Tipo_interés_medio_ponderado,2.5452
2014-10-01,IT,Interest_rates,Tipo_interés_medio_ponderado,2.6594
2014-09-01,IT,Interest_rates,Tipo_interés_medio_ponderado,2.8736
2014-08-01,IT,Interest_rates,Tipo_interés_medio_ponderado,2.9531
2014-07-01,IT,Interest_rates,Tipo_interés_medio_ponderado,3.0879
2014-06-01,IT,Interest_rates,Tipo_interés_medio_ponderado,3.0818
2014-05-01,IT,Interest_rates,Tipo_interés_medio_ponderado,3.2901
2014-04-01,IT,Interest_rates,Tipo_interés_medio_ponderado,3.3294
2014-03-01,IT,Interest_rates,Tipo_interés_medio_ponderado,3.4366
2014-02-01,IT,Interest_rates,Tipo_interés_medio_ponderado,3.4686
2014-01-01,IT,Interest_rates,Tipo_interés_medio_ponderado,3.3856
2013-12-01,IT,Interest_rates,Tipo_interés_medio_ponderado,3.4522
2013-11-01,IT,Interest_rates,Tipo_interés_medio_ponderado,3.426
2013-10-01,IT,Interest_rates,Tipo_interés_medio_ponderado,3.4856
2013-09-01,IT,Interest_rates,Tipo_interés_medio_ponderado,3.5434
2013-08-01,IT,Interest_rates,Tipo_interés_medio_ponderado,3.4757
2013-07-01,IT,Interest_rates,Tipo_interés_medio_ponderado,3.5105
2013-06-01,IT,Interest_rates,Tipo_interés_medio_ponderado,3.3382
2013-05-01,IT,Interest_rates,Tipo_interés_medio_ponderado,3.4574
2013-04-01,IT,Interest_rates,Tipo_interés_medio_ponderado,3.5639
2013-03-01,IT,Interest_rates,Tipo_interés_medio_ponderado,3.4904
2013-02-01,IT,Interest_rates,Tipo_interés_medio_ponderado,3.4679
2013-01-01,IT,Interest_rates,Tipo_interés_medio_ponderado,3.6039
2012-12-01,IT,Interest_rates,Tipo_interés_medio_ponderado,3.6418
2012-11-01,IT,Interest_rates,Tipo_interés_medio_ponderado,3.6307
2012-10-01,IT,Interest_rates,Tipo_interés_medio_ponderado,3.5927
2012-09-01,IT,Interest_rates,Tipo_interés_medio_ponderado,3.4558
2012-08-01,IT,Interest_rates,Tipo_interés_medio_ponderado,3.3389
2012-07-01,IT,Interest_rates,Tipo_interés_medio_ponderado,3.5922
2012-06-01,IT,Interest_rates,Tipo_interés_medio_ponderado,3.5239
2012-05-01,IT,Interest_rates,Tipo_interés_medio_ponderado,3.713
2012-04-01,IT,Interest_rates,Tipo_interés_medio_ponderado,3.6443
2012-03-01,IT,Interest_rates,Tipo_interés_medio_ponderado,3.5813
2012-02-01,IT,Interest_rates,Tipo_interés_medio_ponderado,3.793
2012-01-01,IT,Interest_rates,Tipo_interés_medio_ponderado,4.0233
2011-12-01,IT,Interest_rates,Tipo_interés_medio_ponderado,4.1773
2011-11-01,IT,Interest_rates,Tipo_interés_medio_ponderado,3.8557
2011-10-01,IT,Interest_rates,Tipo_interés_medio_ponderado,3.7281
2011-09-01,IT,Interest_rates,Tipo_interés_medio_ponderado,3.4368
2011-08-01,IT,Interest_rates,Tipo_interés_medio_ponderado,3.4246
2011-07-01,IT,Interest_rates,Tipo_interés_medio_ponderado,3.2985
2011-06-01,IT,Interest_rates,Tipo_interés_medio_ponderado,3.1811
2011-05-01,IT,Interest_rates,Tipo_interés_medio_ponderado,2.9604
2011-04-01,IT,Interest_rates,Tipo_interés_medio_ponderado,2.9904
2011-03-01,IT,Interest_rates,Tipo_interés_medio_ponderado,2.8853
2011-02-01,IT,Interest_rates,Tipo_interés_medio_ponderado,2.7944
2011-01-01,IT,Interest_rates,Tipo_interés_medio_ponderado,2.6762
2010-12-01,IT,Interest_rates,Tipo_interés_medio_ponderado,2.7911
2010-11-01,IT,Interest_rates,Tipo_interés_medio_ponderado,2.7256
2010-10-01,IT,Interest_rates,Tipo_interés_medio_ponderado,2.5448
2010-09-01,IT,Interest_rates,Tipo_interés_medio_ponderado,2.5135
2010-08-01,IT,Interest_rates,Tipo_interés_medio_ponderado,2.4502
2010-07-01,IT,Interest_rates,Tipo_interés_medio_ponderado,2.5093
2010-06-01,IT,Interest_rates,Tipo_interés_medio_ponderado,2.2783
2010-06-01,ES,Interest_rates,Tipo_interés_medio_ponderado,3.2382
2010-07-01,ES,Interest_rates,Tipo_interés_medio_ponderado,3.3126
2010-08-01,ES,Interest_rates,Tipo_interés_medio_ponderado,3.3418
2010-09-01,ES,Interest_rates,Tipo_interés_medio_ponderado,3.2952
2010-10-01,ES,Interest_rates,Tipo_interés_medio_ponderado,3.4816
2010-11-01,ES,Interest_rates,Tipo_interés_medio_ponderado,3.5026
2010-12-01,ES,Interest_rates,Tipo_interés_medio_ponderado,3.6011
2011-01-01,ES,Interest_rates,Tipo_interés_medio_ponderado,3.5321
2011-02-01,ES,Interest_rates,Tipo_interés_medio_ponderado,3.8459
2011-03-01,ES,Interest_rates,Tipo_interés_medio_ponderado,4.0798
2011-04-01,ES,Interest_rates,Tipo_interés_medio_ponderado,4.1684
2011-05-01,ES,Interest_rates,Tipo_interés_medio_ponderado,4.1721
2011-06-01,ES,Interest_rates,Tipo_interés_medio_ponderado,4.2775
2011-07-01,ES,Interest_rates,Tipo_interés_medio_ponderado,4.4103
2011-08-01,ES,Interest_rates,Tipo_interés_medio_ponderado,4.2049
2011-09-01,ES,Interest_rates,Tipo_interés_medio_ponderado,4.2038
2011-10-01,ES,Interest_rates,Tipo_interés_medio_ponderado,4.1224
2011-11-01,ES,Interest_rates,Tipo_interés_medio_ponderado,4.0099
2011-12-01,ES,Interest_rates,Tipo_interés_medio_ponderado,4.5325
2012-01-01,ES,Interest_rates,Tipo_interés_medio_ponderado,4.2262
2012-02-01,ES,Interest_rates,Tipo_interés_medio_ponderado,4.3166
2012-03-01,ES,Interest_rates,Tipo_interés_medio_ponderado,4.4218
2012-04-01,ES,Interest_rates,Tipo_interés_medio_ponderado,4.3119
2012-05-01,ES,Interest_rates,Tipo_interés_medio_ponderado,4.3148
2012-06-01,ES,Interest_rates,Tipo_interés_medio_ponderado,4.3922
2012-07-01,ES,Interest_rates,Tipo_interés_medio_ponderado,4.2525
2012-08-01,ES,Interest_rates,Tipo_interés_medio_ponderado,4.0922
2012-09-01,ES,Interest_rates,Tipo_interés_medio_ponderado,3.8898
2012-10-01,ES,Interest_rates,Tipo_interés_medio_ponderado,4.0157
2012-11-01,ES,Interest_rates,Tipo_interés_medio_ponderado,4.1515
2012-12-01,ES,Interest_rates,Tipo_interés_medio_ponderado,3.9872
2013-01-01,ES,Interest_rates,Tipo_interés_medio_ponderado,3.9162
2013-02-01,ES,Interest_rates,Tipo_interés_medio_ponderado,4.1295
2013-03-01,ES,Interest_rates,Tipo_interés_medio_ponderado,4.2432
2013-04-01,ES,Interest_rates,Tipo_interés_medio_ponderado,4.1663
2013-05-01,ES,Interest_rates,Tipo_interés_medio_ponderado,4.1269
2013-06-01,ES,Interest_rates,Tipo_interés_medio_ponderado,4.0575
2013-07-01,ES,Interest_rates,Tipo_interés_medio_ponderado,4.1282
2013-08-01,ES,Interest_rates,Tipo_interés_medio_ponderado,3.8809
2013-09-01,ES,Interest_rates,Tipo_interés_medio_ponderado,3.8567
2013-10-01,ES,Interest_rates,Tipo_interés_medio_ponderado,3.9204
2013-11-01,ES,Interest_rates,Tipo_interés_medio_ponderado,3.9449
2013-12-01,ES,Interest_rates,Tipo_interés_medio_ponderado,3.8811
2014-01-01,ES,Interest_rates,Tipo_interés_medio_ponderado,3.8773
2014-02-01,ES,Interest_rates,Tipo_interés_medio_ponderado,3.848
2014-03-01,ES,Interest_rates,Tipo_interés_medio_ponderado,3.806
2014-04-01,ES,Interest_rates,Tipo_interés_medio_ponderado,3.7755
2014-05-01,ES,Interest_rates,Tipo_interés_medio_ponderado,3.713
2014-06-01,ES,Interest_rates,Tipo_interés_medio_ponderado,3.5682
2014-07-01,ES,Interest_rates,Tipo_interés_medio_ponderado,3.5155
2014-08-01,ES,Interest_rates,Tipo_interés_medio_ponderado,3.4654
2014-09-01,ES,Interest_rates,Tipo_interés_medio_ponderado,3.2058
2014-10-01,ES,Interest_rates,Tipo_interés_medio_ponderado,3.1237
2014-11-01,ES,Interest_rates,Tipo_interés_medio_ponderado,3.0304
2014-12-01,ES,Interest_rates,Tipo_interés_medio_ponderado,2.7942
2015-01-01,ES,Interest_rates,Tipo_interés_medio_ponderado,2.859
2015-02-01,ES,Interest_rates,Tipo_interés_medio_ponderado,2.7103
2015-03-01,ES,Interest_rates,Tipo_interés_medio_ponderado,2.55
2015-04-01,ES,Interest_rates,Tipo_interés_medio_ponderado,2.5349
2015-05-01,ES,Interest_rates,Tipo_interés_medio_ponderado,2.4315
2015-06-01,ES,Interest_rates,Tipo_interés_medio_ponderado,2.3055
2015-07-01,ES,Interest_rates,Tipo_interés_medio_ponderado,2.3237
2015-08-01,ES,Interest_rates,Tipo_interés_medio_ponderado,2.3191
2015-09-01,ES,Interest_rates,Tipo_interés_medio_ponderado,2.1836
2015-10-01,ES,Interest_rates,Tipo_interés_medio_ponderado,2.2068
2015-11-01,ES,Interest_rates,Tipo_interés_medio_ponderado,2.1142
2015-12-01,ES,Interest_rates,Tipo_interés_medio_ponderado,2.0533
2016-01-01,ES,Interest_rates,Tipo_interés_medio_ponderado,2.1577
2016-02-01,ES,Interest_rates,Tipo_interés_medio_ponderado,2.0549
2016-03-01,ES,Interest_rates,Tipo_interés_medio_ponderado,1.9768
2016-04-01,ES,Interest_rates,Tipo_interés_medio_ponderado,1.9977
2016-05-01,ES,Interest_rates,Tipo_interés_medio_ponderado,1.8995
2016-06-01,ES,Interest_rates,Tipo_interés_medio_ponderado,1.8557
2016-07-01,ES,Interest_rates,Tipo_interés_medio_ponderado,1.8788
2016-08-01,ES,Interest_rates,Tipo_interés_medio_ponderado,1.8839
2016-09-01,ES,Interest_rates,Tipo_interés_medio_ponderado,1.7648
2016-10-01,ES,Interest_rates,Tipo_interés_medio_ponderado,1.766
2016-11-01,ES,Interest_rates,Tipo_interés_medio_ponderado,1.8042
2016-12-01,ES,Interest_rates,Tipo_interés_medio_ponderado,1.7888
2017-01-01,ES,Interest_rates,Tipo_interés_medio_ponderado,1.8236
2017-02-01,ES,Interest_rates,Tipo_interés_medio_ponderado,1.6899
2017-03-01,ES,Interest_rates,Tipo_interés_medio_ponderado,1.7937
2017-04-01,ES,Interest_rates,Tipo_interés_medio_ponderado,1.7527
2017-05-01,ES,Interest_rates,Tipo_interés_medio_ponderado,1.7338
2017-06-01,ES,Interest_rates,Tipo_interés_medio_ponderado,1.7417
2017-07-01,ES,Interest_rates,Tipo_interés_medio_ponderado,1.7219
2017-08-01,ES,Interest_rates,Tipo_interés_medio_ponderado,1.6845
2017-09-01,ES,Interest_rates,Tipo_interés_medio_ponderado,1.6932
2017-10-01,ES,Interest_rates,Tipo_interés_medio_ponderado,1.6592
2017-11-01,ES,Interest_rates,Tipo_interés_medio_ponderado,1.6697
2017-12-01,ES,Interest_rates,Tipo_interés_medio_ponderado,1.6777
2018-01-01,ES,Interest_rates,Tipo_interés_medio_ponderado,1.6393
2018-02-01,ES,Interest_rates,Tipo_interés_medio_ponderado,1.6408
2018-03-01,ES,Interest_rates,Tipo_interés_medio_ponderado,1.6418
2018-04-01,ES,Interest_rates,Tipo_interés_medio_ponderado,1.6083
2018-05-01,ES,Interest_rates,Tipo_interés_medio_ponderado,1.5855
2018-06-01,ES,Interest_rates,Tipo_interés_medio_ponderado,1.5547
2018-07-01,ES,Interest_rates,Tipo_interés_medio_ponderado,1.5239
2018-08-01,ES,Interest_rates,Tipo_interés_medio_ponderado,1.551
2018-09-01,ES,Interest_rates,Tipo_interés_medio_ponderado,1.488
2018-10-01,ES,Interest_rates,Tipo_interés_medio_ponderado,1.5444
2018-11-01,ES,Interest_rates,Tipo_interés_medio_ponderado,1.5314
2018-12-01,ES,Interest_rates,Tipo_interés_medio_ponderado,1.4971
2019-01-01,ES,Interest_rates,Tipo_interés_medio_ponderado,1.6169
2019-02-01,ES,Interest_rates,Tipo_interés_medio_ponderado,1.5212
2019-03-01,ES,Interest_rates,Tipo_interés_medio_ponderado,1.5691
2019-04-01,ES,Interest_rates,Tipo_interés_medio_ponderado,1.5783
2019-05-01,ES,Interest_rates,Tipo_interés_medio_ponderado,1.5306
2019-06-01,ES,Interest_rates,Tipo_interés_medio_ponderado,1.5184
2019-07-01,ES,Interest_rates,Tipo_interés_medio_ponderado,1.5229
2019-08-01,ES,Interest_rates,Tipo_interés_medio_ponderado,1.478
2019-09-01,ES,Interest_rates,Tipo_interés_medio_ponderado,1.4998
2019-10-01,ES,Interest_rates,Tipo_interés_medio_ponderado,1.4737
2019-11-01,ES,Interest_rates,Tipo_interés_medio_ponderado,1.4375
2019-12-01,ES,Interest_rates,Tipo_interés_medio_ponderado,1.3975
2020-01-01,ES,Interest_rates,Tipo_interés_medio_ponderado,1.5567
2020-02-01,ES,Interest_rates,Tipo_interés_medio_ponderado,1.4857
2020-03-01,ES,Interest_rates,Tipo_interés_medio_ponderado,1.4082
2020-04-01,ES,Interest_rates,Tipo_interés_medio_ponderado,1.6748
2020-05-01,ES,Interest_rates,Tipo_interés_medio_ponderado,1.7459
2020-06-01,ES,Interest_rates,Tipo_interés_medio_ponderado,1.64
2020-07-01,ES,Interest_rates,Tipo_interés_medio_ponderado,1.6193
2020-08-01,ES,Interest_rates,Tipo_interés_medio_ponderado,1.4844
2020-09-01,ES,Interest_rates,Tipo_interés_medio_ponderado,1.4764
2020-10-01,ES,Interest_rates,Tipo_interés_medio_ponderado,1.4545
2020-11-01,ES,Interest_rates,Tipo_interés_medio_ponderado,1.5193
2020-12-01,ES,Interest_rates,Tipo_interés_medio_ponderado,1.5124
2021-01-01,ES,Interest_rates,Tipo_interés_medio_ponderado,1.5379
2021-02-01,ES,Interest_rates,Tipo_interés_medio_ponderado,1.4854
2021-03-01,ES,Interest_rates,Tipo_interés_medio_ponderado,1.4469
2021-04-01,ES,Interest_rates,Tipo_interés_medio_ponderado,1.5743
2021-05-01,ES,Interest_rates,Tipo_interés_medio_ponderado,1.5108
2021-06-01,ES,Interest_rates,Tipo_interés_medio_ponderado,1.8129
2021-07-01,ES,Interest_rates,Tipo_interés_medio_ponderado,1.4105
2021-08-01,ES,Interest_rates,Tipo_interés_medio_ponderado,1.2731
2021-09-01,ES,Interest_rates,Tipo_interés_medio_ponderado,1.302
2021-10-01,ES,Interest_rates,Tipo_interés_medio_ponderado,1.379
2021-11-01,ES,Interest_rates,Tipo_interés_medio_ponderado,1.3998
2021-12-01,ES,Interest_rates,Tipo_interés_medio_ponderado,1.2941
2022-01-01,ES,Interest_rates,Tipo_interés_medio_ponderado,1.3624
2022-02-01,ES,Interest_rates,Tipo_interés_medio_ponderado,1.3545
2022-03-01,ES,Interest_rates,Tipo_interés_medio_ponderado,1.3577
2022-04-01,ES,Interest_rates,Tipo_interés_medio_ponderado,1.4267
2022-05-01,ES,Interest_rates,Tipo_interés_medio_ponderado,1.4419
2022-06-01,ES,Interest_rates,Tipo_interés_medio_ponderado,1.5331
2022-07-01,ES,Interest_rates,Tipo_interés_medio_ponderado,1.697
2022-08-01,ES,Interest_rates,Tipo_interés_medio_ponderado,1.8338
2022-09-01,ES,Interest_rates,Tipo_interés_medio_ponderado,2.2915
2022-10-01,ES,Interest_rates,Tipo_interés_medio_ponderado,2.805
2022-11-01,ES,Interest_rates,Tipo_interés_medio_ponderado,3.2017
2022-12-01,ES,Interest_rates,Tipo_interés_medio_ponderado,3.3592
2023-01-01,ES,Interest_rates,Tipo_interés_medio_ponderado,3.6349
2023-02-01,ES,Interest_rates,Tipo_interés_medio_ponderado,3.9277
2023-03-01,ES,Interest_rates,Tipo_interés_medio_ponderado,4.1462
2023-04-01,ES,Interest_rates,Tipo_interés_medio_ponderado,4.3102
2023-05-01,ES,Interest_rates,Tipo_interés_medio_ponderado,4.5109
2023-06-01,ES,Interest_rates,Tipo_interés_medio_ponderado,4.6913
2023-07-01,ES,Interest_rates,Tipo_interés_medio_ponderado,4.7531
2023-08-01,ES,Interest_rates,Tipo_interés_medio_ponderado,5.0429
2023-09-01,ES,Interest_rates,Tipo_interés_medio_ponderado,5.1119
2023-10-01,ES,Interest_rates,Tipo_interés_medio_ponderado,5.0433
2023-11-01,ES,Interest_rates,Tipo_interés_medio_ponderado,5.1583
2023-12-01,ES,Interest_rates,Tipo_interés_medio_ponderado,5.0815
2024-01-01,ES,Interest_rates,Tipo_interés_medio_ponderado,4.9051
2024-02-01,ES,Interest_rates,Tipo_interés_medio_ponderado,4.9553
2024-03-01,ES,Interest_rates,Tipo_interés_medio_ponderado,4.945
2024-04-01,ES,Interest_rates,Tipo_interés_medio_ponderado,4.7837
2024-05-01,ES,Interest_rates,Tipo_interés_medio_ponderado,4.8601
2024-06-01,ES,Interest_rates,Tipo_interés_medio_ponderado,4.7347
2024-07-01,ES,Interest_rates,Tipo_interés_medio_ponderado,4.5571
2024-08-01,ES,Interest_rates,Tipo_interés_medio_ponderado,4.5912
2024-09-01,ES,Interest_rates,Tipo_interés_medio_ponderado,4.4183
2024-10-01,ES,Interest_rates,Tipo_interés_medio_ponderado,4.1056
2024-11-01,ES,Interest_rates,Tipo_interés_medio_ponderado,3.97
2024-12-01,ES,Interest_rates,Tipo_interés_medio_ponderado,3.8501
2025-01-01,ES,Interest_rates,Tipo_interés_medio_ponderado,3.7045
2025-02-01,ES,Interest_rates,Tipo_interés_medio_ponderado,3.6262
2025-03-01,ES,Interest_rates,Tipo_interés_medio_ponderado,3.4078
2025-04-01,ES,Interest_rates,Tipo_interés_medio_ponderado,3.3084
2025-05-01,ES,Interest_rates,Tipo_interés_medio_ponderado,3.1575
2025-06-01,ES,Interest_rates,Tipo_interés_medio_ponderado,3.0391
2025-07-01,ES,Interest_rates,Tipo_interés_medio_ponderado,3.0772
2025-08-01,ES,Interest_rates,Tipo_interés_medio_ponderado,3.1107
2025-09-01,ES,Interest_rates,Tipo_interés_medio_ponderado,3.0989
2025-10-01,ES,Interest_rates,Tipo_interés_medio_ponderado,3.1058
